quarter,train_end,eval_start,eval_end,half_life,use_hawkes_regimes,hawkes_lambda_bar,hawkes_alpha,hawkes_beta,hawkes_beta_H,mrjd_kappa,mrjd_theta,mrjd_sigma,mrjd_jump_mean,mrjd_jump_std,lambda_p25,lambda_p50,lambda_p75,lambda_p90,lambda_p95
1,2020-06-30 00:00:00+00:00,2020-07-01 00:00:00+00:00,2020-09-30 00:00:00+00:00,58.68651764970267,True,0.008782148630957668,0.1498782256028656,0.17646544139139292,0.17646544139139292,0.011824437074833492,2.1337197386935984,4.420837962171711,0.03831066164888336,0.3778077460738368,0.008782148630957668,0.00882690319896006,0.03956768329508284,0.41268861787421424,0.5196181705433269
2,2020-09-30 00:00:00+00:00,2020-10-01 00:00:00+00:00,2020-12-31 00:00:00+00:00,57.5960396697552,True,0.009017269697005783,0.16382815996005237,0.19427800736326953,0.19427800736326953,0.012046213863031691,2.2379586824249045,4.2521359188925905,0.039195534333116615,0.38027264181574366,0.009017269703772193,0.009019812428710718,0.022188267429597282,0.3489871775200797,0.50162739708884
3,2020-12-31 00:00:00+00:00,2021-01-04 00:00:00+00:00,2021-03-31 00:00:00+00:00,57.070378448812306,True,0.00666762176309158,0.17555649185656655,0.20675262366615896,0.20675262366615896,0.012157011852860807,2.164593033676388,3.9953740835666527,0.03081626589469727,0.3758326190729804,0.006667621763091585,0.006667756990501044,0.010309566166730628,0.3102894076424308,0.4958162242140692
4,2021-03-31 00:00:00+00:00,2021-04-01 00:00:00+00:00,2021-06-30 00:00:00+00:00,58.165855637329535,True,0.006843491498455749,0.17478959670016553,0.20592859091435547,0.20592859091435547,0.011929140436764027,2.0502903552764757,3.8586027418244706,0.03081626589469727,0.3758326190729804,0.006843491498455749,0.0068435040659764025,0.008663566036873344,0.2648871414922347,0.4865859639468466
5,2021-06-30 00:00:00+00:00,2021-07-01 00:00:00+00:00,2021-09-30 00:00:00+00:00,57.34551908569919,True,0.006212024033567744,0.16885252450062307,0.19869677198522356,0.19869677198522356,0.01209940221043425,2.0793915868226045,3.8045821444730863,0.03507119025920537,0.41766854575434986,0.006212024033567744,0.006212024904073498,0.007082478527598518,0.1127352376012003,0.39555849932760545
6,2021-09-30 00:00:00+00:00,2021-10-01 00:00:00+00:00,2021-12-31 00:00:00+00:00,62.158583228837315,True,0.00740371104985487,0.14825866343754152,0.17612805465558187,0.17612805465558187,0.011163493843702557,1.8894521474468378,3.683405840583519,0.01841691518347852,0.4215976150683202,0.00740371104985487,0.007403711824978094,0.008473405389782487,0.08069532944587582,0.3406262155749248
7,2021-12-31 00:00:00+00:00,2022-01-03 00:00:00+00:00,2022-03-31 00:00:00+00:00,55.69148215488109,True,0.00759350810454056,0.16292985746887653,0.19190776518527244,0.19190776518527244,0.012458618613397237,1.9888739343808435,3.701992647313759,0.025564973875444076,0.3814773658296969,0.00759350810454056,0.0075935116085636255,0.010615403080038032,0.1420730416800772,0.4402108688679141
8,2022-03-31 00:00:00+00:00,2022-04-01 00:00:00+00:00,2022-06-30 00:00:00+00:00,56.70688271672249,True,0.006154134049155112,0.15458105200086242,0.1820330020857375,0.1820330020857375,0.012233793117895537,2.117666041458571,3.6875151501048546,0.030511750235488317,0.3853305498999692,0.006154134049155112,0.006154135988079463,0.007104113620408925,0.11399732838557572,0.4268536780303862
9,2022-06-30 00:00:00+00:00,2022-07-01 00:00:00+00:00,2022-09-30 00:00:00+00:00,55.0914124342973,True,0.006756454589385803,0.1763582554435277,0.21681651309698166,0.21681651309698166,0.012592733088077866,2.0005885107860735,3.5808868002602257,0.031996454146918735,0.43295289901963047,0.006756454589385803,0.006756454594400524,0.006914747374325003,0.049821275494103076,0.20596105004143317
10,2022-09-30 00:00:00+00:00,2022-10-03 00:00:00+00:00,2022-12-30 00:00:00+00:00,58.9579564126326,True,0.006282817471849775,0.17470158576479017,0.21410292420828006,0.21410292420828006,0.011768183665546637,1.8451782980409523,3.509671476619433,0.031996454146918735,0.43295289901963047,0.006282817471849775,0.006282817472329316,0.006361319880020873,0.04484436535196774,0.17855409340338452
11,2022-12-30 00:00:00+00:00,2023-01-03 00:00:00+00:00,2023-03-31 00:00:00+00:00,56.48464535996611,True,0.005793870728934896,0.16321758547113208,0.19968421999474256,0.19968421999474256,0.01228334335892012,1.774628744610814,3.6561706610579683,0.032869659222355976,0.43696938502610577,0.005793870728934896,0.005793870729255799,0.005848282335743222,0.038831984194204645,0.14145506040353878
12,2023-03-31 00:00:00+00:00,2023-04-03 00:00:00+00:00,2023-06-30 00:00:00+00:00,45.676349879191825,True,0.007083449927746077,0.18425988983753003,0.23357330415892363,0.23357330415892363,0.015186385762637917,1.8980945868573507,4.110298115136167,0.025497348696547368,0.4150173074197913,0.007083449927746077,0.007083449927751029,0.00713407862301391,0.04300488089917961,0.1685156042600592
13,2023-06-30 00:00:00+00:00,2023-07-03 00:00:00+00:00,2023-09-29 00:00:00+00:00,45.769541936679396,True,0.00723648947478014,0.17626099008714857,0.22808867739979163,0.22808867739979163,0.015154241238533216,1.9975776260730103,4.02526373570548,0.01914538735486928,0.4007112566896948,0.00723648947478014,0.007236489474867304,0.007347419610738665,0.04294351948529141,0.14808610301353986
14,2023-09-29 00:00:00+00:00,2023-10-02 00:00:00+00:00,2023-12-29 00:00:00+00:00,44.19963247000564,True,0.0076895832700544274,0.18865249556303182,0.22292098216799686,0.22292098216799686,0.015692794702919607,1.877738880536425,4.085283294583792,0.050213988136128804,0.35292873577694417,0.0076895832700544274,0.007689583270226795,0.007983686630028831,0.09415662536702918,0.3445596239535903
15,2023-12-29 00:00:00+00:00,2024-01-02 00:00:00+00:00,2024-03-28 00:00:00+00:00,44.467892785615014,True,0.007387270336610273,0.2032969404936247,0.24034981662979504,0.24034981662979504,0.015597409054243686,2.0087293115109173,4.158236903915509,0.047452149624098834,0.3408603635308563,0.007387270336610273,0.007387270337064652,0.007730953082836744,0.10240783059394792,0.39186311363671744
16,2024-03-28 00:00:00+00:00,2024-04-01 00:00:00+00:00,2024-06-28 00:00:00+00:00,50.46010280245849,True,0.0069372198282517,0.21033185522531797,0.2482139491856103,0.2482139491856103,0.013742882414027333,2.1355119765366917,4.138434362570081,0.05037545099247198,0.34136319918892044,0.0069372198282517,0.0069372198283431845,0.00703301285271695,0.08393495245034988,0.3581994980009185
17,2024-06-28 00:00:00+00:00,2024-07-01 00:00:00+00:00,2024-09-30 00:00:00+00:00,49.9306375982245,True,0.0065586688709687565,0.20572413339073586,0.24259891049471968,0.24259891049471968,0.013888640679298578,2.111461797029255,4.073609374749322,0.04848945000843067,0.342622910359485,0.0065586688709687565,0.006558668870986304,0.006609820292937534,0.06257696040794171,0.33312565222336776
18,2024-09-30 00:00:00+00:00,2024-10-01 00:00:00+00:00,2024-12-31 00:00:00+00:00,49.70545193647351,True,0.006246437215276612,0.20635327732247777,0.24345181568475205,0.24345181568475205,0.013951145777761931,2.113719153616475,4.05603300404362,0.04945351856599883,0.34428918689565874,0.006246437215276612,0.0062464372152780155,0.00626769735844355,0.051786632807388114,0.30178563009326864
19,2024-12-31 00:00:00+00:00,2025-01-02 00:00:00+00:00,2025-03-31 00:00:00+00:00,49.96293832066793,True,0.005691821052007952,0.1960763084348967,0.23594156570092611,0.23594156570092611,0.013878561258609416,2.182282550258702,3.955652483505985,0.03506994017030427,0.3679732285267963,0.005691821052007952,0.0056918210520083175,0.005696060277161522,0.03542362555176222,0.18233151372718978
20,2025-03-31 00:00:00+00:00,2025-04-01 00:00:00+00:00,2025-06-30 00:00:00+00:00,49.34849504008313,True,0.005421400587166541,0.1932073027924734,0.23190466200251808,0.23190466200251808,0.014051757965702693,2.095064449089349,3.9222135042716078,0.03506994017030427,0.3679732285267963,0.005421400587166541,0.0054214005871666415,0.005423934178696984,0.03332537425856306,0.17869576675899387
21,2025-06-30 00:00:00+00:00,2025-07-01 00:00:00+00:00,2025-09-30 00:00:00+00:00,52.7940360605103,True,0.00515937158481928,0.18986670987205023,0.22725906831048395,0.22725906831048395,0.013135271571503397,1.9866653120854059,3.8678435231958748,0.03506994017030427,0.3679732285267963,0.00515937158481928,0.005159371584819304,0.00516082336888801,0.02971621781454358,0.1609181277107562
22,2025-09-30 00:00:00+00:00,2025-10-01 00:00:00+00:00,2025-12-31 00:00:00+00:00,49.55552024416707,True,0.005756378938608277,0.17230843038543978,0.2109647161010614,0.2109647161010614,0.013993130430022677,2.0248624378273847,4.027163215134661,0.05359897026833025,0.383473259354739,0.005756378938608277,0.005756378938609056,0.005766931645288912,0.03762329474465324,0.14611587393909695
23,2025-12-31 00:00:00+00:00,2026-01-02 00:00:00+00:00,2026-02-17 00:00:00+00:00,49.92497018532624,True,0.005835395168937697,0.16137212625421776,0.19975732473281582,0.19975732473281582,0.013889109065038213,2.0197386017016488,4.127793558527778,0.0682310562557002,0.3975885213599712,0.005835395168937697,0.0058353951689611855,0.005874297688362546,0.03849933233538921,0.138586633919254
