ts_event,returns
2020-07-01 00:00:00+00:00,0.0
2020-07-02 00:00:00+00:00,7.936507936508861e-05
2020-07-06 00:00:00+00:00,7.936507936509753e-05
2020-07-07 00:00:00+00:00,7.936507936508781e-05
2020-07-08 00:00:00+00:00,7.936507936513622e-05
2020-07-09 00:00:00+00:00,0.0001132532231140855
2020-07-10 00:00:00+00:00,0.00010520815770780275
2020-07-13 00:00:00+00:00,0.00042737139882705315
2020-07-14 00:00:00+00:00,-0.00022658005914082357
2020-07-15 00:00:00+00:00,6.82716814358781e-05
2020-07-16 00:00:00+00:00,9.944624319359574e-05
2020-07-17 00:00:00+00:00,-0.00016412457695919228
2020-07-20 00:00:00+00:00,-0.0001268543633766979
2020-07-21 00:00:00+00:00,4.742880670736812e-05
2020-07-22 00:00:00+00:00,0.00014983054549273564
2020-07-23 00:00:00+00:00,0.0004797139740621972
2020-07-24 00:00:00+00:00,2.293342528709912e-05
2020-07-27 00:00:00+00:00,0.0005973016416210843
2020-07-28 00:00:00+00:00,-0.0022507724656311095
2020-07-29 00:00:00+00:00,-0.00037574785235350533
2020-07-30 00:00:00+00:00,-0.0006256926909333912
2020-07-31 00:00:00+00:00,0.0005700478792715316
2020-08-03 00:00:00+00:00,0.0008180408396743637
2020-08-04 00:00:00+00:00,-0.0025294259053761144
2020-08-05 00:00:00+00:00,0.00012068517590046746
2020-08-06 00:00:00+00:00,-0.0004467293778793865
2020-08-07 00:00:00+00:00,0.0004872849236133214
2020-08-10 00:00:00+00:00,0.0010424919164463895
2020-08-11 00:00:00+00:00,0.0012463472851537275
2020-08-12 00:00:00+00:00,-0.0010515805083689217
2020-08-13 00:00:00+00:00,0.0006900814788834633
2020-08-14 00:00:00+00:00,0.0006981328584958788
2020-08-17 00:00:00+00:00,0.001598395039091046
2020-08-18 00:00:00+00:00,-0.00024293127261354285
2020-08-19 00:00:00+00:00,0.00010873442417497584
2020-08-20 00:00:00+00:00,-0.0005911378416369971
2020-08-21 00:00:00+00:00,0.0007630769142184189
2020-08-24 00:00:00+00:00,0.00036338310967713494
2020-08-25 00:00:00+00:00,-0.0012837968350617186
2020-08-26 00:00:00+00:00,0.0004817095749140043
2020-08-27 00:00:00+00:00,0.0006433692344800046
2020-08-28 00:00:00+00:00,0.0005014494544850135
2020-08-31 00:00:00+00:00,-0.0016611609372717282
2020-09-01 00:00:00+00:00,0.0005421119368441014
2020-09-02 00:00:00+00:00,0.0018789515522555109
2020-09-03 00:00:00+00:00,0.0003349014168053548
2020-09-04 00:00:00+00:00,-0.0005807024475797397
2020-09-08 00:00:00+00:00,0.00013676791430842166
2020-09-09 00:00:00+00:00,0.00043819141577377917
2020-09-10 00:00:00+00:00,0.0004123541913510626
2020-09-11 00:00:00+00:00,0.0007069072744170395
2020-09-14 00:00:00+00:00,0.0011077401937052815
2020-09-15 00:00:00+00:00,-0.00020386221064206796
2020-09-16 00:00:00+00:00,-1.270437433754322e-06
2020-09-17 00:00:00+00:00,7.93650793650784e-05
2020-09-18 00:00:00+00:00,7.936507936511211e-05
2020-09-21 00:00:00+00:00,-0.00012844545497588326
2020-09-22 00:00:00+00:00,-0.00013396284268721564
2020-09-23 00:00:00+00:00,7.936507936511948e-05
2020-09-24 00:00:00+00:00,-6.15570441854624e-06
2020-09-25 00:00:00+00:00,-0.00015555115460866019
2020-09-28 00:00:00+00:00,0.0007214980688102686
2020-09-29 00:00:00+00:00,-0.00012724805301256165
2020-09-30 00:00:00+00:00,-0.00021392606536690595
2020-10-01 00:00:00+00:00,0.00019864811171392633
2020-10-02 00:00:00+00:00,0.000378401805719085
2020-10-05 00:00:00+00:00,0.0004073856649531543
2020-10-06 00:00:00+00:00,0.00012714001641453876
2020-10-07 00:00:00+00:00,0.0005447672756614653
2020-10-08 00:00:00+00:00,-0.0002814142965675638
2020-10-09 00:00:00+00:00,-0.00012463622176872441
2020-10-12 00:00:00+00:00,9.94933009964307e-05
2020-10-13 00:00:00+00:00,0.00014216762363744012
2020-10-14 00:00:00+00:00,2.725734578478642e-05
2020-10-15 00:00:00+00:00,0.0006545336838432042
2020-10-16 00:00:00+00:00,0.00036639528441374374
2020-10-19 00:00:00+00:00,-0.00044361349408144295
2020-10-20 00:00:00+00:00,6.474898939435907e-05
2020-10-21 00:00:00+00:00,0.000149856725416134
2020-10-22 00:00:00+00:00,0.0004115320331927185
2020-10-23 00:00:00+00:00,0.0002006443424234359
2020-10-26 00:00:00+00:00,-0.0003030544670294403
2020-10-27 00:00:00+00:00,-0.0001790259180053579
2020-10-28 00:00:00+00:00,-0.0003897219505636542
2020-10-29 00:00:00+00:00,0.00012825522166039045
2020-10-30 00:00:00+00:00,0.0011249949871164453
2020-11-02 00:00:00+00:00,0.0008892998753411494
2020-11-03 00:00:00+00:00,0.00024490346909863633
2020-11-04 00:00:00+00:00,-0.00014048623775932375
2020-11-05 00:00:00+00:00,0.0007004574577412809
2020-11-06 00:00:00+00:00,-0.0006005994126573615
2020-11-09 00:00:00+00:00,7.93650793650566e-05
2020-11-10 00:00:00+00:00,3.0117643011514426e-05
2020-11-11 00:00:00+00:00,-0.0001105895038938706
2020-11-12 00:00:00+00:00,0.00013430135774679925
2020-11-13 00:00:00+00:00,-0.0002671106613922154
2020-11-16 00:00:00+00:00,-0.0008748221176859997
2020-11-17 00:00:00+00:00,0.0009120905799950872
2020-11-18 00:00:00+00:00,-0.00027771357517570705
2020-11-19 00:00:00+00:00,-0.000275585703409958
2020-11-20 00:00:00+00:00,-0.0001524654484985668
2020-11-23 00:00:00+00:00,-0.0008324441186030804
2020-11-24 00:00:00+00:00,-0.00015952559156099137
2020-11-25 00:00:00+00:00,0.0006025352207490207
2020-11-27 00:00:00+00:00,0.00034808600541451747
2020-11-30 00:00:00+00:00,-0.0003927441971756802
2020-12-01 00:00:00+00:00,0.00014588053355711947
2020-12-02 00:00:00+00:00,-0.0001564683066881758
2020-12-03 00:00:00+00:00,0.0003790348325835345
2020-12-04 00:00:00+00:00,-0.0006912434418825078
2020-12-07 00:00:00+00:00,0.0007077140854411362
2020-12-08 00:00:00+00:00,0.00033095049215217616
2020-12-09 00:00:00+00:00,0.0002645806322714493
2020-12-10 00:00:00+00:00,-0.00030454239419325983
2020-12-11 00:00:00+00:00,9.980910211785224e-05
2020-12-14 00:00:00+00:00,-0.0004590197458258015
2020-12-15 00:00:00+00:00,-0.00038983341651589075
2020-12-16 00:00:00+00:00,-3.94401751056819e-05
2020-12-17 00:00:00+00:00,-1.2202667767024376e-05
2020-12-18 00:00:00+00:00,0.00021367125201982802
2020-12-21 00:00:00+00:00,0.0005716299695398288
2020-12-22 00:00:00+00:00,2.7130980830913118e-05
2020-12-23 00:00:00+00:00,5.25755741097909e-05
2020-12-24 00:00:00+00:00,9.564310256623933e-05
2020-12-28 00:00:00+00:00,-4.386925530693413e-05
2020-12-29 00:00:00+00:00,0.0003659957799523636
2020-12-30 00:00:00+00:00,-0.00010727704950217404
2020-12-31 00:00:00+00:00,0.00013600928249810857
2021-01-04 00:00:00+00:00,1.3719377522751437e-05
2021-01-05 00:00:00+00:00,0.00029564637190752387
2021-01-06 00:00:00+00:00,-0.0006734462993548779
2021-01-07 00:00:00+00:00,-0.00039839065038590685
2021-01-08 00:00:00+00:00,0.00035474153099905847
2021-01-11 00:00:00+00:00,-0.00025181538109788644
2021-01-12 00:00:00+00:00,-0.0005044206469115581
2021-01-13 00:00:00+00:00,0.0007728241177802569
2021-01-14 00:00:00+00:00,-0.00011860215741829078
2021-01-15 00:00:00+00:00,0.000582135791428747
2021-01-19 00:00:00+00:00,0.0005300563382737997
2021-01-20 00:00:00+00:00,0.0008451309232232953
2021-01-21 00:00:00+00:00,-0.0006196606983185343
2021-01-22 00:00:00+00:00,3.3256548441329306e-05
2021-01-25 00:00:00+00:00,-0.00022341228135674564
2021-01-26 00:00:00+00:00,-0.0004150614484460541
2021-01-27 00:00:00+00:00,0.0007543882292594175
2021-01-28 00:00:00+00:00,0.0005726306844172986
2021-01-29 00:00:00+00:00,0.00016684919874678506
2021-02-01 00:00:00+00:00,-0.0003073418132001255
2021-02-02 00:00:00+00:00,0.00014276225130483108
2021-02-03 00:00:00+00:00,-0.00011599089555672254
2021-02-04 00:00:00+00:00,0.0002930261959081312
2021-02-05 00:00:00+00:00,0.0002524107031535308
2021-02-08 00:00:00+00:00,-0.00024097908028760022
2021-02-09 00:00:00+00:00,0.00028617599275702736
2021-02-10 00:00:00+00:00,0.00023112095619433703
2021-02-11 00:00:00+00:00,0.0009309477435006181
2021-02-12 00:00:00+00:00,-0.0008799276227415283
2021-02-16 00:00:00+00:00,0.0011804101661415654
2021-02-17 00:00:00+00:00,-0.0003854620144735002
2021-02-18 00:00:00+00:00,0.0003493101739116134
2021-02-19 00:00:00+00:00,-8.640367712841473e-05
2021-02-22 00:00:00+00:00,0.0005028422551660068
2021-02-23 00:00:00+00:00,-0.0001931884196179895
2021-02-24 00:00:00+00:00,-0.00039388959416381436
2021-02-25 00:00:00+00:00,0.000307619800732639
2021-02-26 00:00:00+00:00,-0.00019395460109990095
2021-03-01 00:00:00+00:00,-0.00021592873991261203
2021-03-02 00:00:00+00:00,0.00012695785222151663
2021-03-03 00:00:00+00:00,0.0001224527358983528
2021-03-04 00:00:00+00:00,0.0003057329643051818
2021-03-05 00:00:00+00:00,6.694328899471923e-07
2021-03-08 00:00:00+00:00,-2.2691952399484808e-05
2021-03-09 00:00:00+00:00,0.00021806632409321689
2021-03-10 00:00:00+00:00,0.00024128442738689625
2021-03-11 00:00:00+00:00,-0.00027492612896230274
2021-03-12 00:00:00+00:00,-0.00019372847633306267
2021-03-15 00:00:00+00:00,-0.0002139442026760351
2021-03-16 00:00:00+00:00,0.00025044252024160796
2021-03-17 00:00:00+00:00,3.628936274689919e-05
2021-03-18 00:00:00+00:00,0.0005439949657110688
2021-03-19 00:00:00+00:00,7.63035452850284e-05
2021-03-22 00:00:00+00:00,0.00037255129169371247
2021-03-23 00:00:00+00:00,0.0010228227355383041
2021-03-24 00:00:00+00:00,-0.0003647452164862253
2021-03-25 00:00:00+00:00,-0.0004725258190301554
2021-03-26 00:00:00+00:00,2.901677834898188e-05
2021-03-29 00:00:00+00:00,0.00027932928458718984
2021-03-30 00:00:00+00:00,0.000255794465452436
2021-03-31 00:00:00+00:00,1.448657308255511e-05
2021-04-01 00:00:00+00:00,2.9932614662437875e-05
2021-04-05 00:00:00+00:00,0.00027507151157987557
2021-04-06 00:00:00+00:00,-0.0001560160186558471
2021-04-07 00:00:00+00:00,0.00022619622507372657
2021-04-08 00:00:00+00:00,5.175254385243956e-05
2021-04-09 00:00:00+00:00,0.00033042501891180216
2021-04-12 00:00:00+00:00,0.0017494859862500808
2021-04-13 00:00:00+00:00,0.0004155367371167108
2021-04-14 00:00:00+00:00,3.1360206166574373e-06
2021-04-15 00:00:00+00:00,5.885594469738248e-06
2021-04-16 00:00:00+00:00,4.947945079111058e-05
2021-04-19 00:00:00+00:00,-0.00017232136269581567
2021-04-20 00:00:00+00:00,0.00041308334785910173
2021-04-21 00:00:00+00:00,-6.037176649783557e-05
2021-04-22 00:00:00+00:00,-3.792926530784329e-05
2021-04-23 00:00:00+00:00,-0.00012524276193045202
2021-04-26 00:00:00+00:00,-0.00046392698989420245
2021-04-27 00:00:00+00:00,-0.0006469495454887737
2021-04-28 00:00:00+00:00,0.0009308226546810903
2021-04-29 00:00:00+00:00,0.0001288838869934553
2021-04-30 00:00:00+00:00,0.00038411888832074614
2021-05-03 00:00:00+00:00,0.0002675098515260287
2021-05-04 00:00:00+00:00,-0.00028421352697946013
2021-05-05 00:00:00+00:00,0.00017269091142126344
2021-05-06 00:00:00+00:00,0.00015627439885934535
2021-05-07 00:00:00+00:00,4.123323633012117e-05
2021-05-10 00:00:00+00:00,-2.7956762411983977e-05
2021-05-11 00:00:00+00:00,0.00013378607835280937
2021-05-12 00:00:00+00:00,-4.070043674385161e-05
2021-05-13 00:00:00+00:00,0.000351051716923097
2021-05-14 00:00:00+00:00,0.00028976752090682404
2021-05-17 00:00:00+00:00,0.00018418964700586622
2021-05-18 00:00:00+00:00,1.128898758747726e-05
2021-05-19 00:00:00+00:00,-0.0002194727884573996
2021-05-20 00:00:00+00:00,0.00020982828705802333
2021-05-21 00:00:00+00:00,0.0010632211897831172
2021-05-24 00:00:00+00:00,0.000734940572839718
2021-05-25 00:00:00+00:00,-4.946346704412038e-05
2021-05-26 00:00:00+00:00,-0.00026118301110904967
2021-05-27 00:00:00+00:00,-0.0001779771937147899
2021-05-28 00:00:00+00:00,0.0007362036562359265
2021-06-01 00:00:00+00:00,-2.3445641404442163e-05
2021-06-02 00:00:00+00:00,0.0007389669024349927
2021-06-03 00:00:00+00:00,0.00042786976929931917
2021-06-04 00:00:00+00:00,0.0004919079822705222
2021-06-07 00:00:00+00:00,0.00010451861125332548
2021-06-08 00:00:00+00:00,5.58462224221959e-05
2021-06-09 00:00:00+00:00,0.00014010106313489115
2021-06-10 00:00:00+00:00,-0.00020896593838703006
2021-06-11 00:00:00+00:00,0.0004914913174467543
2021-06-14 00:00:00+00:00,0.0002920160523776715
2021-06-15 00:00:00+00:00,-0.00024135498565079527
2021-06-16 00:00:00+00:00,0.0001679738326152446
2021-06-17 00:00:00+00:00,0.00024701534869070934
2021-06-18 00:00:00+00:00,-0.00011723949054437122
2021-06-21 00:00:00+00:00,6.34341648001361e-05
2021-06-22 00:00:00+00:00,0.00028360101836356796
2021-06-23 00:00:00+00:00,-1.762565871788934e-05
2021-06-24 00:00:00+00:00,-9.522566180051895e-05
2021-06-25 00:00:00+00:00,-1.6967560479976824e-05
2021-06-28 00:00:00+00:00,0.00040713520190388937
2021-06-29 00:00:00+00:00,-0.00043745977008397626
2021-06-30 00:00:00+00:00,0.00015680199854823166
2021-07-01 00:00:00+00:00,0.0002163747539267836
2021-07-02 00:00:00+00:00,8.19339503870891e-05
2021-07-06 00:00:00+00:00,-0.00010982348425812502
2021-07-07 00:00:00+00:00,0.00019968174963652462
2021-07-08 00:00:00+00:00,-0.00047001524135736466
2021-07-09 00:00:00+00:00,0.0004030184025541654
2021-07-12 00:00:00+00:00,-1.0037611230247279e-05
2021-07-13 00:00:00+00:00,0.0001661700051462472
2021-07-14 00:00:00+00:00,-6.3391338428865375e-06
2021-07-15 00:00:00+00:00,0.00020872421172563619
2021-07-16 00:00:00+00:00,-0.0005000898939462589
2021-07-19 00:00:00+00:00,-0.0008331880217874997
2021-07-20 00:00:00+00:00,-8.20799150210094e-05
2021-07-21 00:00:00+00:00,0.0006499004195791081
2021-07-22 00:00:00+00:00,-0.0001820033745353888
2021-07-23 00:00:00+00:00,0.000355899558678048
2021-07-26 00:00:00+00:00,7.729960543235108e-05
2021-07-27 00:00:00+00:00,1.800966273530504e-05
2021-07-28 00:00:00+00:00,0.00018572960761646884
2021-07-29 00:00:00+00:00,0.00047379535312936424
2021-07-30 00:00:00+00:00,-0.0004344404628234158
2021-08-02 00:00:00+00:00,0.00022396235677352635
2021-08-03 00:00:00+00:00,0.00016508857205524844
2021-08-04 00:00:00+00:00,-0.0007252271302621375
2021-08-05 00:00:00+00:00,0.001664280247146359
2021-08-06 00:00:00+00:00,0.0010053983973749075
2021-08-09 00:00:00+00:00,0.0004309879723274812
2021-08-10 00:00:00+00:00,0.0002878061757501531
2021-08-11 00:00:00+00:00,-0.0005311283280145284
2021-08-12 00:00:00+00:00,0.0005291554121050463
2021-08-13 00:00:00+00:00,-0.0007705862762200183
2021-08-16 00:00:00+00:00,0.0005067388363204688
2021-08-17 00:00:00+00:00,-0.0005873277244564791
2021-08-18 00:00:00+00:00,0.0009856361927905706
2021-08-19 00:00:00+00:00,-0.0001933183013560789
2021-08-20 00:00:00+00:00,0.0008407516151253297
2021-08-23 00:00:00+00:00,0.0005324657403509657
2021-08-24 00:00:00+00:00,0.00020511949998261043
2021-08-25 00:00:00+00:00,0.0003580100364508373
2021-08-26 00:00:00+00:00,-9.919444085255902e-05
2021-08-27 00:00:00+00:00,6.949957986132662e-05
2021-08-30 00:00:00+00:00,-8.587564892451944e-06
2021-08-31 00:00:00+00:00,0.000127819361929982
2021-09-01 00:00:00+00:00,0.0003272614505215996
2021-09-02 00:00:00+00:00,0.00022158837030309412
2021-09-03 00:00:00+00:00,0.0005909617388746325
2021-09-07 00:00:00+00:00,-0.00017950153697951664
2021-09-08 00:00:00+00:00,0.0003961075910870155
2021-09-09 00:00:00+00:00,-0.00015143304693641756
2021-09-10 00:00:00+00:00,0.000698146893320179
2021-09-13 00:00:00+00:00,-0.00021734241640313786
2021-09-14 00:00:00+00:00,-4.2843170216497374e-05
2021-09-15 00:00:00+00:00,0.00023042279068797263
2021-09-16 00:00:00+00:00,-0.00021976633357098017
2021-09-17 00:00:00+00:00,0.0003245415364385678
2021-09-20 00:00:00+00:00,-0.0004161170747746821
2021-09-21 00:00:00+00:00,-0.00030522201481040796
2021-09-22 00:00:00+00:00,0.00042797706383073737
2021-09-23 00:00:00+00:00,-0.00019946100899977175
2021-09-24 00:00:00+00:00,0.00019443921331783353
2021-09-27 00:00:00+00:00,-0.00014896084725260077
2021-09-28 00:00:00+00:00,7.936507936507537e-05
2021-09-29 00:00:00+00:00,-1.934343361809967e-05
2021-09-30 00:00:00+00:00,-0.00014183685981805527
2021-10-01 00:00:00+00:00,7.936507936504932e-05
2021-10-04 00:00:00+00:00,7.936507936508853e-05
2021-10-05 00:00:00+00:00,7.936507936508262e-05
2021-10-06 00:00:00+00:00,7.936507936507507e-05
2021-10-07 00:00:00+00:00,7.936507936510022e-05
2021-10-08 00:00:00+00:00,7.936507936511593e-05
2021-10-11 00:00:00+00:00,0.00010603083822632633
2021-10-12 00:00:00+00:00,-5.0504641211145036e-05
2021-10-13 00:00:00+00:00,-5.508597495268521e-05
2021-10-14 00:00:00+00:00,5.4377031778626224e-05
2021-10-15 00:00:00+00:00,6.755403443807336e-05
2021-10-18 00:00:00+00:00,5.982021429491095e-05
2021-10-19 00:00:00+00:00,-8.998299204044082e-05
2021-10-20 00:00:00+00:00,-0.00020743381362530174
2021-10-21 00:00:00+00:00,-3.0283507366515735e-05
2021-10-22 00:00:00+00:00,-5.2811925340554824e-05
2021-10-25 00:00:00+00:00,-1.170482368149304e-05
2021-10-26 00:00:00+00:00,0.0006545247827486846
2021-10-27 00:00:00+00:00,0.00016633172146026512
2021-10-28 00:00:00+00:00,-0.00031327660717845896
2021-10-29 00:00:00+00:00,-9.627195905129945e-05
2021-11-01 00:00:00+00:00,0.0005008364159842506
2021-11-02 00:00:00+00:00,-0.00034598809070785234
2021-11-03 00:00:00+00:00,1.8521291105770512e-05
2021-11-04 00:00:00+00:00,0.00025886883274959605
2021-11-05 00:00:00+00:00,1.12339643690711e-05
2021-11-08 00:00:00+00:00,-1.0927464781586425e-05
2021-11-09 00:00:00+00:00,0.00019059338111051077
2021-11-10 00:00:00+00:00,4.053541815741371e-05
2021-11-11 00:00:00+00:00,9.114598380730932e-05
2021-11-12 00:00:00+00:00,0.00013796294905155102
2021-11-15 00:00:00+00:00,0.0001447236000669309
2021-11-16 00:00:00+00:00,0.00042561032642700276
2021-11-17 00:00:00+00:00,0.0003958805995939655
2021-11-18 00:00:00+00:00,-0.00013008134954167354
2021-11-19 00:00:00+00:00,-0.00010751892323794737
2021-11-22 00:00:00+00:00,-0.0001735316378569354
2021-11-23 00:00:00+00:00,-7.086617702615122e-05
2021-11-24 00:00:00+00:00,4.3958820867664466e-05
2021-11-26 00:00:00+00:00,-6.702087083582416e-06
2021-11-29 00:00:00+00:00,0.00020397136407412922
2021-11-30 00:00:00+00:00,-4.608569632054245e-05
2021-12-01 00:00:00+00:00,7.936507936508774e-05
2021-12-02 00:00:00+00:00,7.936507936508401e-05
2021-12-03 00:00:00+00:00,7.93650793650526e-05
2021-12-06 00:00:00+00:00,-2.467105330700457e-05
2021-12-07 00:00:00+00:00,7.082360282375559e-05
2021-12-08 00:00:00+00:00,6.506957949202898e-05
2021-12-09 00:00:00+00:00,5.665793657753291e-05
2021-12-10 00:00:00+00:00,8.898596206318026e-05
2021-12-13 00:00:00+00:00,-0.00018806146071625557
2021-12-14 00:00:00+00:00,-3.569020752928797e-05
2021-12-15 00:00:00+00:00,-0.00010123281427903097
2021-12-16 00:00:00+00:00,0.00039982026898436354
2021-12-17 00:00:00+00:00,0.00011343073789374772
2021-12-20 00:00:00+00:00,-0.0001552938243292201
2021-12-21 00:00:00+00:00,0.0002539978723818639
2021-12-22 00:00:00+00:00,5.215454481315686e-05
2021-12-23 00:00:00+00:00,8.962478676954122e-05
2021-12-27 00:00:00+00:00,3.5874132889261473e-05
2021-12-28 00:00:00+00:00,3.0619851414231516e-05
2021-12-29 00:00:00+00:00,0.00015300401407710928
2021-12-30 00:00:00+00:00,0.00022604772153030368
2021-12-31 00:00:00+00:00,1.9542195778330373e-05
2022-01-03 00:00:00+00:00,-1.4484165175822448e-05
2022-01-04 00:00:00+00:00,3.605629340124605e-05
2022-01-05 00:00:00+00:00,-0.00021493515949632798
2022-01-06 00:00:00+00:00,-0.00011335259490466817
2022-01-07 00:00:00+00:00,0.00010616534807247427
2022-01-10 00:00:00+00:00,0.00026640450969301504
2022-01-11 00:00:00+00:00,0.0001462895752333024
2022-01-12 00:00:00+00:00,0.00030600536980753424
2022-01-13 00:00:00+00:00,-1.4416744093487347e-05
2022-01-14 00:00:00+00:00,5.473296425984011e-05
2022-01-18 00:00:00+00:00,-0.0005621729533464512
2022-01-19 00:00:00+00:00,8.178452614599114e-06
2022-01-20 00:00:00+00:00,-0.0005699802367754314
2022-01-21 00:00:00+00:00,-0.00043605094547300414
2022-01-24 00:00:00+00:00,-0.0003057794154648601
2022-01-25 00:00:00+00:00,-1.674551400807138e-05
2022-01-26 00:00:00+00:00,-0.00018553330000005858
2022-01-27 00:00:00+00:00,-0.0006819324984997211
2022-01-28 00:00:00+00:00,0.0011266610453127652
2022-01-31 00:00:00+00:00,0.0014572880189499076
2022-02-01 00:00:00+00:00,0.0023539218332225696
2022-02-02 00:00:00+00:00,-0.0009803338072564285
2022-02-03 00:00:00+00:00,0.0008288002490184712
2022-02-04 00:00:00+00:00,0.0003369181760425813
2022-02-07 00:00:00+00:00,-0.0005150009943592779
2022-02-08 00:00:00+00:00,0.0003631799547251321
2022-02-09 00:00:00+00:00,-0.00019816812953737324
2022-02-10 00:00:00+00:00,-0.0007396481114696688
2022-02-11 00:00:00+00:00,-0.0009331151939616788
2022-02-14 00:00:00+00:00,0.00035000047746622877
2022-02-15 00:00:00+00:00,-0.0002800794750360807
2022-02-16 00:00:00+00:00,1.75609519701603e-05
2022-02-17 00:00:00+00:00,0.0005138392311716298
2022-02-18 00:00:00+00:00,0.0006026135869226264
2022-02-22 00:00:00+00:00,0.0007646971875840108
2022-02-23 00:00:00+00:00,-0.0005121341897040359
2022-02-24 00:00:00+00:00,0.0007948172112716162
2022-02-25 00:00:00+00:00,0.0002847981641632508
2022-02-28 00:00:00+00:00,-2.800643498657248e-05
2022-03-01 00:00:00+00:00,-0.00106055104432431
2022-03-02 00:00:00+00:00,0.00030350032705483775
2022-03-03 00:00:00+00:00,-0.0010104071587608535
2022-03-04 00:00:00+00:00,-6.454947458478287e-05
2022-03-07 00:00:00+00:00,5.8055346798327935e-05
2022-03-08 00:00:00+00:00,-0.0008140627455518995
2022-03-09 00:00:00+00:00,-0.0007633634587311721
2022-03-10 00:00:00+00:00,-0.0010179385115983203
2022-03-11 00:00:00+00:00,-3.0331795592179178e-05
2022-03-14 00:00:00+00:00,0.000481319788049402
2022-03-15 00:00:00+00:00,0.000514757855328473
2022-03-16 00:00:00+00:00,0.0001604682346019885
2022-03-17 00:00:00+00:00,-0.0009205180957003407
2022-03-18 00:00:00+00:00,-0.0008305705409014054
2022-03-21 00:00:00+00:00,7.867976178413666e-05
2022-03-22 00:00:00+00:00,0.00016699971600886632
2022-03-23 00:00:00+00:00,9.162787296563058e-05
2022-03-24 00:00:00+00:00,-0.00020402169211336023
2022-03-25 00:00:00+00:00,-8.142064729842136e-05
2022-03-28 00:00:00+00:00,-0.00022202299338863632
2022-03-29 00:00:00+00:00,0.0004934291432806251
2022-03-30 00:00:00+00:00,-2.2684287539055376e-05
2022-03-31 00:00:00+00:00,-0.001386511630864619
2022-04-01 00:00:00+00:00,-0.0004643757338898776
2022-04-04 00:00:00+00:00,0.0003229891887116281
2022-04-05 00:00:00+00:00,0.0004991800961833511
2022-04-06 00:00:00+00:00,0.0006181825450005612
2022-04-07 00:00:00+00:00,1.613836421641006e-05
2022-04-08 00:00:00+00:00,-1.1916674656115159e-07
2022-04-11 00:00:00+00:00,0.0003627660305380787
2022-04-12 00:00:00+00:00,-0.00026544987847632897
2022-04-13 00:00:00+00:00,-0.00017956982299299084
2022-04-14 00:00:00+00:00,-0.000106712883825023
2022-04-18 00:00:00+00:00,-0.0003625062264867353
2022-04-19 00:00:00+00:00,0.000742514770151745
2022-04-20 00:00:00+00:00,-6.998897227985383e-05
2022-04-21 00:00:00+00:00,0.0017745315844878622
2022-04-22 00:00:00+00:00,0.00020407280809248257
2022-04-25 00:00:00+00:00,0.00027003077614308783
2022-04-26 00:00:00+00:00,-0.00020089484630355509
2022-04-27 00:00:00+00:00,0.000794198784082015
2022-04-28 00:00:00+00:00,-0.00030589996312149835
2022-04-29 00:00:00+00:00,0.0004966916166731389
2022-05-02 00:00:00+00:00,0.00022351714293851485
2022-05-03 00:00:00+00:00,0.0008771075756773771
2022-05-04 00:00:00+00:00,0.00021906195815864644
2022-05-05 00:00:00+00:00,1.5803468321481632e-06
2022-05-06 00:00:00+00:00,1.536194891077224e-05
2022-05-09 00:00:00+00:00,-0.00017256970780552477
2022-05-10 00:00:00+00:00,1.1598775815642909e-05
2022-05-11 00:00:00+00:00,0.0005567022861870266
2022-05-12 00:00:00+00:00,-0.0001713109905676778
2022-05-13 00:00:00+00:00,0.0008759438065753199
2022-05-16 00:00:00+00:00,-6.35473848841751e-05
2022-05-17 00:00:00+00:00,0.0011758648123434798
2022-05-18 00:00:00+00:00,-0.00015358494154099796
2022-05-19 00:00:00+00:00,0.0009661854248739589
2022-05-20 00:00:00+00:00,-0.0002888241003697545
2022-05-23 00:00:00+00:00,-0.00010224049197657058
2022-05-24 00:00:00+00:00,-1.7010024230295287e-06
2022-05-25 00:00:00+00:00,-2.7532567362048656e-05
2022-05-26 00:00:00+00:00,-0.0002379332405232017
2022-05-27 00:00:00+00:00,0.0004818742723737606
2022-05-31 00:00:00+00:00,-7.798188861098976e-06
2022-06-01 00:00:00+00:00,4.4181447316987314e-05
2022-06-02 00:00:00+00:00,9.38666691875383e-05
2022-06-03 00:00:00+00:00,-0.00048547674688724735
2022-06-06 00:00:00+00:00,0.0003222905548380574
2022-06-07 00:00:00+00:00,0.0005266588582059298
2022-06-08 00:00:00+00:00,0.0005149188150605574
2022-06-09 00:00:00+00:00,2.977430759037442e-05
2022-06-10 00:00:00+00:00,-6.9555663066183335e-06
2022-06-13 00:00:00+00:00,0.0008372461224617748
2022-06-14 00:00:00+00:00,0.0003573409558075044
2022-06-15 00:00:00+00:00,0.0006350822717758483
2022-06-16 00:00:00+00:00,0.0012197913348914618
2022-06-17 00:00:00+00:00,0.00022658018995735132
2022-06-21 00:00:00+00:00,0.00048560236461759904
2022-06-22 00:00:00+00:00,8.56424071238945e-05
2022-06-23 00:00:00+00:00,0.0007723721361010729
2022-06-24 00:00:00+00:00,0.00020895683865372895
2022-06-27 00:00:00+00:00,-0.0004194548205519237
2022-06-28 00:00:00+00:00,0.0006155787422189489
2022-06-29 00:00:00+00:00,0.000317594643336049
2022-06-30 00:00:00+00:00,0.00012061284671851609
2022-07-01 00:00:00+00:00,0.0003631423281783987
2022-07-05 00:00:00+00:00,0.00020307928759840088
2022-07-06 00:00:00+00:00,-7.967125742833973e-05
2022-07-07 00:00:00+00:00,0.00015093221843671083
2022-07-08 00:00:00+00:00,-9.66522557784513e-06
2022-07-11 00:00:00+00:00,-0.00023690619201935384
2022-07-12 00:00:00+00:00,0.00016515114695986327
2022-07-13 00:00:00+00:00,0.00026707315522920893
2022-07-14 00:00:00+00:00,-0.0011038665581467493
2022-07-15 00:00:00+00:00,0.00013447866313082916
2022-07-18 00:00:00+00:00,0.0008507994879132702
2022-07-19 00:00:00+00:00,0.0005250115048680493
2022-07-20 00:00:00+00:00,8.686747596168492e-05
2022-07-21 00:00:00+00:00,2.7709033017579033e-05
2022-07-22 00:00:00+00:00,-0.00045058875669987694
2022-07-25 00:00:00+00:00,-0.0005222944401977622
2022-07-26 00:00:00+00:00,0.0008781059163856652
2022-07-27 00:00:00+00:00,1.2588201826390421e-05
2022-07-28 00:00:00+00:00,0.0004809556886050502
2022-07-29 00:00:00+00:00,-0.0015872022670558195
2022-08-01 00:00:00+00:00,-0.0005639478608692743
2022-08-02 00:00:00+00:00,0.0009387620544658668
2022-08-03 00:00:00+00:00,-0.0007897112426688996
2022-08-04 00:00:00+00:00,-0.000994968943326444
2022-08-05 00:00:00+00:00,4.508568552653548e-05
2022-08-08 00:00:00+00:00,-0.0006587122321291925
2022-08-09 00:00:00+00:00,0.0006144444359132286
2022-08-10 00:00:00+00:00,0.000678561342743795
2022-08-11 00:00:00+00:00,-5.5519835283949546e-05
2022-08-12 00:00:00+00:00,0.00018613586649119952
2022-08-15 00:00:00+00:00,0.00040064021391814596
2022-08-16 00:00:00+00:00,4.769740714446234e-05
2022-08-17 00:00:00+00:00,-0.0008201558262089352
2022-08-18 00:00:00+00:00,3.1535738644699545e-05
2022-08-19 00:00:00+00:00,-1.2058005792908932e-05
2022-08-22 00:00:00+00:00,0.0001587589615165253
2022-08-23 00:00:00+00:00,0.00043083849035798307
2022-08-24 00:00:00+00:00,-0.0005255432596058241
2022-08-25 00:00:00+00:00,0.00047539943160572094
2022-08-26 00:00:00+00:00,-0.00046928086898665854
2022-08-29 00:00:00+00:00,0.00014158967436171566
2022-08-30 00:00:00+00:00,0.00018393438008449655
2022-08-31 00:00:00+00:00,-0.00013870747902280546
2022-09-01 00:00:00+00:00,-0.00041080797807664876
2022-09-02 00:00:00+00:00,0.0004978020269711106
2022-09-06 00:00:00+00:00,0.00020788821289013126
2022-09-07 00:00:00+00:00,0.00041815313043210077
2022-09-08 00:00:00+00:00,-0.0003296243158293407
2022-09-09 00:00:00+00:00,0.00034230507605588115
2022-09-12 00:00:00+00:00,0.0005184410164335213
2022-09-13 00:00:00+00:00,2.1435497386926768e-05
2022-09-14 00:00:00+00:00,1.0675718820969958e-05
2022-09-15 00:00:00+00:00,0.0001090772354062947
2022-09-16 00:00:00+00:00,0.0003386255421722467
2022-09-19 00:00:00+00:00,0.0004489241125716311
2022-09-20 00:00:00+00:00,-8.315734299527222e-05
2022-09-21 00:00:00+00:00,0.00010848662778715262
2022-09-22 00:00:00+00:00,0.0004053915739055212
2022-09-23 00:00:00+00:00,-0.00014238618927289598
2022-09-26 00:00:00+00:00,0.00011758076221876362
2022-09-27 00:00:00+00:00,-0.00017952791774571587
2022-09-28 00:00:00+00:00,0.0007989158739286962
2022-09-29 00:00:00+00:00,0.0005989631037180177
2022-09-30 00:00:00+00:00,0.00039139922181927834
2022-10-03 00:00:00+00:00,0.00018633590238950203
2022-10-04 00:00:00+00:00,0.0008868927498595564
2022-10-05 00:00:00+00:00,-0.0005713854691645262
2022-10-06 00:00:00+00:00,0.0008632232529478261
2022-10-07 00:00:00+00:00,0.000592400193448669
2022-10-10 00:00:00+00:00,-0.00011723199593687091
2022-10-11 00:00:00+00:00,-0.00027104620830098404
2022-10-12 00:00:00+00:00,0.00016974165618967313
2022-10-13 00:00:00+00:00,0.0005928323548179563
2022-10-14 00:00:00+00:00,9.410211676423958e-05
2022-10-17 00:00:00+00:00,0.0009569863847996776
2022-10-18 00:00:00+00:00,0.0002863716406265485
2022-10-19 00:00:00+00:00,0.00027219063228698943
2022-10-20 00:00:00+00:00,0.00034211410506153057
2022-10-21 00:00:00+00:00,0.0011069477334166061
2022-10-24 00:00:00+00:00,0.00030847425055846584
2022-10-25 00:00:00+00:00,0.0004740737366433083
2022-10-26 00:00:00+00:00,0.0009955587467544967
2022-10-27 00:00:00+00:00,-0.000117386537182018
2022-10-28 00:00:00+00:00,0.00047665933790157493
2022-10-31 00:00:00+00:00,0.00024325643460366308
2022-11-01 00:00:00+00:00,-1.4282420760291656e-05
2022-11-02 00:00:00+00:00,-4.6383248052700626e-05
2022-11-03 00:00:00+00:00,-0.0005724219518922005
2022-11-04 00:00:00+00:00,0.0015050360127476902
2022-11-07 00:00:00+00:00,0.00035286570167564646
2022-11-08 00:00:00+00:00,0.0008521403286021443
2022-11-09 00:00:00+00:00,0.0005787139179349766
2022-11-10 00:00:00+00:00,0.00037688183464587496
2022-11-11 00:00:00+00:00,-0.0002975630963531508
2022-11-14 00:00:00+00:00,-0.0003464213233936473
2022-11-15 00:00:00+00:00,-0.0008552283352040765
2022-11-16 00:00:00+00:00,0.0005649780619769639
2022-11-17 00:00:00+00:00,-0.0005499868291947845
2022-11-18 00:00:00+00:00,-6.893145218585364e-05
2022-11-21 00:00:00+00:00,0.0004873318409302071
2022-11-22 00:00:00+00:00,0.0009022240679064112
2022-11-23 00:00:00+00:00,0.0006462171888563319
2022-11-25 00:00:00+00:00,-2.5338351214980283e-05
2022-11-28 00:00:00+00:00,-0.0006541976317134154
2022-11-29 00:00:00+00:00,-0.0001230564711620126
2022-11-30 00:00:00+00:00,0.0001269644472417367
2022-12-01 00:00:00+00:00,0.00031333757109870295
2022-12-02 00:00:00+00:00,0.0003868299168816536
2022-12-05 00:00:00+00:00,-0.00017495378405197226
2022-12-06 00:00:00+00:00,0.0001550595733672741
2022-12-07 00:00:00+00:00,0.00010503822582484325
2022-12-08 00:00:00+00:00,0.0003004668694635726
2022-12-09 00:00:00+00:00,0.00044475493441889047
2022-12-12 00:00:00+00:00,0.000121120782075345
2022-12-13 00:00:00+00:00,0.00042359692679160054
2022-12-14 00:00:00+00:00,4.9346486672504364e-05
2022-12-15 00:00:00+00:00,-0.0004776785005810975
2022-12-16 00:00:00+00:00,-2.9848906250071317e-05
2022-12-19 00:00:00+00:00,-0.0006847338089817222
2022-12-20 00:00:00+00:00,-0.0003899425564406244
2022-12-21 00:00:00+00:00,-9.680216050122944e-05
2022-12-22 00:00:00+00:00,-0.00040059568710812583
2022-12-23 00:00:00+00:00,-0.0002212014897044002
2022-12-27 00:00:00+00:00,9.061759848797078e-06
2022-12-28 00:00:00+00:00,7.936507936503167e-05
2022-12-29 00:00:00+00:00,7.93650793651245e-05
2022-12-30 00:00:00+00:00,7.936507936505391e-05
2023-01-03 00:00:00+00:00,7.936507936508416e-05
2023-01-04 00:00:00+00:00,7.936507936504786e-05
2023-01-05 00:00:00+00:00,7.936507936509972e-05
2023-01-06 00:00:00+00:00,7.936507936509292e-05
2023-01-09 00:00:00+00:00,7.936507936505437e-05
2023-01-10 00:00:00+00:00,7.936507936509061e-05
2023-01-11 00:00:00+00:00,7.936507936503956e-05
2023-01-12 00:00:00+00:00,-6.026180266834866e-06
2023-01-13 00:00:00+00:00,0.0001526777226152119
2023-01-17 00:00:00+00:00,0.0003301589403294848
2023-01-18 00:00:00+00:00,2.8083119767433356e-05
2023-01-19 00:00:00+00:00,0.0008885963242128667
2023-01-20 00:00:00+00:00,-0.001140000936573408
2023-01-23 00:00:00+00:00,0.0004760429070256702
2023-01-24 00:00:00+00:00,0.0003548869476402354
2023-01-25 00:00:00+00:00,0.00030747396448309506
2023-01-26 00:00:00+00:00,0.00038454039671813485
2023-01-27 00:00:00+00:00,-0.0010115146533024003
2023-01-30 00:00:00+00:00,0.0003039748470589337
2023-01-31 00:00:00+00:00,0.0010171761954893487
2023-02-01 00:00:00+00:00,0.0005494442967801414
2023-02-02 00:00:00+00:00,0.0006804679331183135
2023-02-03 00:00:00+00:00,3.246417437672293e-05
2023-02-06 00:00:00+00:00,-0.0003258935550540665
2023-02-07 00:00:00+00:00,-3.9144699439036955e-06
2023-02-08 00:00:00+00:00,-0.0003282966562774168
2023-02-09 00:00:00+00:00,-0.0010627640473195009
2023-02-10 00:00:00+00:00,0.00046741647751894833
2023-02-13 00:00:00+00:00,3.782080714733828e-05
2023-02-14 00:00:00+00:00,-0.0002932658269419005
2023-02-15 00:00:00+00:00,-0.00019909503943515907
2023-02-16 00:00:00+00:00,-0.0009610041684591908
2023-02-17 00:00:00+00:00,-0.00036619668541460317
2023-02-21 00:00:00+00:00,-2.5560735521359573e-05
2023-02-22 00:00:00+00:00,-0.0009303324940332317
2023-02-23 00:00:00+00:00,-0.0006197793400457149
2023-02-24 00:00:00+00:00,0.00014648286748479304
2023-02-27 00:00:00+00:00,0.0006190352740076338
2023-02-28 00:00:00+00:00,-0.000722068483983087
2023-03-01 00:00:00+00:00,-3.7774087524293407e-06
2023-03-02 00:00:00+00:00,0.0002561688416368621
2023-03-03 00:00:00+00:00,0.0003102475695679327
2023-03-06 00:00:00+00:00,-1.703784653742206e-06
2023-03-07 00:00:00+00:00,9.474527482160738e-05
2023-03-08 00:00:00+00:00,0.0005020338208100046
2023-03-09 00:00:00+00:00,0.00032218943023738143
2023-03-10 00:00:00+00:00,-0.001075678848800744
2023-03-13 00:00:00+00:00,0.0004736275066156806
2023-03-14 00:00:00+00:00,0.0007687595550471518
2023-03-15 00:00:00+00:00,0.0004481482695655887
2023-03-16 00:00:00+00:00,0.0006865427982737389
2023-03-17 00:00:00+00:00,0.0002702924045655374
2023-03-20 00:00:00+00:00,0.00019297740147990818
2023-03-21 00:00:00+00:00,-0.000127040076995057
2023-03-22 00:00:00+00:00,-0.00021526312195900262
2023-03-23 00:00:00+00:00,0.0002009133018882374
2023-03-24 00:00:00+00:00,0.00036060803021795927
2023-03-27 00:00:00+00:00,0.00020074749905526302
2023-03-28 00:00:00+00:00,2.0852130060835768e-05
2023-03-29 00:00:00+00:00,7.936507936505401e-05
2023-03-30 00:00:00+00:00,7.936507936505764e-05
2023-03-31 00:00:00+00:00,7.936507936510952e-05
2023-04-03 00:00:00+00:00,7.936507936506161e-05
2023-04-04 00:00:00+00:00,7.936507936508624e-05
2023-04-05 00:00:00+00:00,7.936507936510261e-05
2023-04-06 00:00:00+00:00,7.936507936507427e-05
2023-04-10 00:00:00+00:00,7.936507936508797e-05
2023-04-11 00:00:00+00:00,7.936507936508594e-05
2023-04-12 00:00:00+00:00,7.93650793650877e-05
2023-04-13 00:00:00+00:00,7.936507936506324e-05
2023-04-14 00:00:00+00:00,7.936507936509613e-05
2023-04-17 00:00:00+00:00,7.936507936510243e-05
2023-04-18 00:00:00+00:00,7.936507936509135e-05
2023-04-19 00:00:00+00:00,-0.00013359832859463703
2023-04-20 00:00:00+00:00,0.0006029248608314493
2023-04-21 00:00:00+00:00,-0.0003652306862168904
2023-04-24 00:00:00+00:00,-4.5840664187292284e-05
2023-04-25 00:00:00+00:00,-0.00024613829724945673
2023-04-26 00:00:00+00:00,6.313077691841259e-05
2023-04-27 00:00:00+00:00,0.00033119037961706904
2023-04-28 00:00:00+00:00,0.0001666614911198237
2023-05-01 00:00:00+00:00,-0.00031563888224675317
2023-05-02 00:00:00+00:00,-0.0008637678387730512
2023-05-03 00:00:00+00:00,-0.0006441002217214937
2023-05-04 00:00:00+00:00,0.0016384871824088128
2023-05-05 00:00:00+00:00,0.00011935166668851977
2023-05-08 00:00:00+00:00,0.0008632927482823071
2023-05-09 00:00:00+00:00,0.00025595982032923726
2023-05-10 00:00:00+00:00,0.0002077854860275051
2023-05-11 00:00:00+00:00,0.00041588774178015643
2023-05-12 00:00:00+00:00,-0.00020035512130653666
2023-05-15 00:00:00+00:00,0.0004561729660002328
2023-05-16 00:00:00+00:00,0.0005721888783743273
2023-05-17 00:00:00+00:00,7.74761583464331e-06
2023-05-18 00:00:00+00:00,1.5217025709346248e-05
2023-05-19 00:00:00+00:00,-0.0001959777644249732
2023-05-22 00:00:00+00:00,0.0004901383149950902
2023-05-23 00:00:00+00:00,0.0006089862570321263
2023-05-24 00:00:00+00:00,-0.0020407022097704446
2023-05-25 00:00:00+00:00,0.001025314574681207
2023-05-26 00:00:00+00:00,0.0005065521261328533
2023-05-30 00:00:00+00:00,-0.0009517513375390129
2023-05-31 00:00:00+00:00,-0.0005636230721518677
2023-06-01 00:00:00+00:00,-0.0004825600141899887
2023-06-02 00:00:00+00:00,0.00016301819228470673
2023-06-05 00:00:00+00:00,0.0002782122803075702
2023-06-06 00:00:00+00:00,0.0017314841777370683
2023-06-07 00:00:00+00:00,-0.0008336442584209242
2023-06-08 00:00:00+00:00,0.0003833430921332182
2023-06-09 00:00:00+00:00,0.0007046348958144453
2023-06-12 00:00:00+00:00,8.420250803332609e-05
2023-06-13 00:00:00+00:00,7.936507936507762e-05
2023-06-14 00:00:00+00:00,7.936507936509137e-05
2023-06-15 00:00:00+00:00,7.936507936505962e-05
2023-06-16 00:00:00+00:00,7.93650793650677e-05
2023-06-20 00:00:00+00:00,-0.000654212639935297
2023-06-21 00:00:00+00:00,-0.0007858600824784412
2023-06-22 00:00:00+00:00,-0.00033487776955802773
2023-06-23 00:00:00+00:00,0.0003227096915299337
2023-06-26 00:00:00+00:00,0.00025952882294478884
2023-06-27 00:00:00+00:00,9.28934914579244e-05
2023-06-28 00:00:00+00:00,0.0004854981225220651
2023-06-29 00:00:00+00:00,0.00019744644342316862
2023-06-30 00:00:00+00:00,3.802725803963215e-05
2023-07-03 00:00:00+00:00,0.000294200086351204
2023-07-05 00:00:00+00:00,-0.00023913805639817266
2023-07-06 00:00:00+00:00,0.00014215046052600282
2023-07-07 00:00:00+00:00,-0.0002027399055011115
2023-07-10 00:00:00+00:00,0.00039711699220590813
2023-07-11 00:00:00+00:00,-0.0005423854439070396
2023-07-12 00:00:00+00:00,6.36650037675241e-05
2023-07-13 00:00:00+00:00,-0.0005886356218128139
2023-07-14 00:00:00+00:00,0.0003521391739780306
2023-07-17 00:00:00+00:00,0.00020842853031091934
2023-07-18 00:00:00+00:00,-0.000496871131161129
2023-07-19 00:00:00+00:00,4.045788989577047e-06
2023-07-20 00:00:00+00:00,-0.0005149784865756826
2023-07-21 00:00:00+00:00,0.00042166148542718373
2023-07-24 00:00:00+00:00,-0.0002539031652532167
2023-07-25 00:00:00+00:00,-5.599424841724329e-05
2023-07-26 00:00:00+00:00,-0.00021518710014809783
2023-07-27 00:00:00+00:00,0.00036789301316533476
2023-07-28 00:00:00+00:00,3.519826668547213e-05
2023-07-31 00:00:00+00:00,0.00020239147107706368
2023-08-01 00:00:00+00:00,0.0015426942265616911
2023-08-02 00:00:00+00:00,-0.0011280343500884526
2023-08-03 00:00:00+00:00,0.0008053869618753337
2023-08-04 00:00:00+00:00,0.0006015007492742398
2023-08-07 00:00:00+00:00,-0.0001605990718344681
2023-08-08 00:00:00+00:00,-0.0003072757466832009
2023-08-09 00:00:00+00:00,0.0008551848229290277
2023-08-10 00:00:00+00:00,5.742474397734734e-05
2023-08-11 00:00:00+00:00,7.842980109884398e-05
2023-08-14 00:00:00+00:00,-0.0005387139214291541
2023-08-15 00:00:00+00:00,-0.00024350762031232894
2023-08-16 00:00:00+00:00,-0.0008148379654741656
2023-08-17 00:00:00+00:00,-0.00041743853718810624
2023-08-18 00:00:00+00:00,0.00016880735633735544
2023-08-21 00:00:00+00:00,-0.0008339867505559902
2023-08-22 00:00:00+00:00,0.00020454264175623693
2023-08-23 00:00:00+00:00,-0.00019761282584211548
2023-08-24 00:00:00+00:00,-0.0008270448685312273
2023-08-25 00:00:00+00:00,0.0005395047222714236
2023-08-28 00:00:00+00:00,0.00014039316156248919
2023-08-29 00:00:00+00:00,-0.0003045734344738695
2023-08-30 00:00:00+00:00,3.043057912374083e-05
2023-08-31 00:00:00+00:00,-9.172736309532938e-05
2023-09-01 00:00:00+00:00,0.0009226574092474712
2023-09-05 00:00:00+00:00,0.00031197753609696365
2023-09-06 00:00:00+00:00,0.00045244911457641027
2023-09-07 00:00:00+00:00,-0.0001737991150641049
2023-09-08 00:00:00+00:00,0.000225690744912667
2023-09-11 00:00:00+00:00,0.0002012756448257025
2023-09-12 00:00:00+00:00,0.000391092302734078
2023-09-13 00:00:00+00:00,8.684320818692555e-05
2023-09-14 00:00:00+00:00,6.783950165461258e-05
2023-09-15 00:00:00+00:00,-1.1679334475158937e-05
2023-09-18 00:00:00+00:00,-6.011273908556274e-05
2023-09-19 00:00:00+00:00,-4.026599591711457e-05
2023-09-20 00:00:00+00:00,0.00038481761268961717
2023-09-21 00:00:00+00:00,-0.0005012706793509584
2023-09-22 00:00:00+00:00,-0.00018337703479558764
2023-09-25 00:00:00+00:00,-5.169880507944184e-05
2023-09-26 00:00:00+00:00,-8.140526340023914e-05
2023-09-27 00:00:00+00:00,0.00013467628630617283
2023-09-28 00:00:00+00:00,0.0008001834220342896
2023-09-29 00:00:00+00:00,-0.00018367548239838773
2023-10-02 00:00:00+00:00,-0.00046680050944544223
2023-10-03 00:00:00+00:00,0.00019683667897871126
2023-10-04 00:00:00+00:00,0.000584409822480157
2023-10-05 00:00:00+00:00,-0.00017127280534311707
2023-10-06 00:00:00+00:00,0.0007022809646816371
2023-10-09 00:00:00+00:00,0.00010652356812804002
2023-10-10 00:00:00+00:00,0.000304120865959919
2023-10-11 00:00:00+00:00,-0.0006900360451003092
2023-10-12 00:00:00+00:00,8.284750218928503e-05
2023-10-13 00:00:00+00:00,5.650830028847924e-05
2023-10-16 00:00:00+00:00,8.786240374768938e-05
2023-10-17 00:00:00+00:00,0.0010491708360579595
2023-10-18 00:00:00+00:00,-1.7356737451595023e-05
2023-10-19 00:00:00+00:00,0.00025823170653492924
2023-10-20 00:00:00+00:00,0.00018107366603070245
2023-10-23 00:00:00+00:00,-0.001499574087301212
2023-10-24 00:00:00+00:00,-0.00024834922727750094
2023-10-25 00:00:00+00:00,-0.0005738312727630101
2023-10-26 00:00:00+00:00,0.0006111761163412426
2023-10-27 00:00:00+00:00,-0.0003345507959454941
2023-10-30 00:00:00+00:00,-0.0008979453749531365
2023-10-31 00:00:00+00:00,0.00010212086973449608
2023-11-01 00:00:00+00:00,0.0006704962051997562
2023-11-02 00:00:00+00:00,-8.469560273296503e-05
2023-11-03 00:00:00+00:00,0.0005239795570564516
2023-11-06 00:00:00+00:00,-0.0001505606922818123
2023-11-07 00:00:00+00:00,-0.0001102575444827647
2023-11-08 00:00:00+00:00,-0.00041654278410428
2023-11-09 00:00:00+00:00,-0.00038892864283866037
2023-11-10 00:00:00+00:00,0.00045453924059888024
2023-11-13 00:00:00+00:00,-0.0007173687261954652
2023-11-14 00:00:00+00:00,0.0008381571282908956
2023-11-15 00:00:00+00:00,0.0006034613654848018
2023-11-16 00:00:00+00:00,-0.0002400478382125353
2023-11-17 00:00:00+00:00,0.000314261698365706
2023-11-20 00:00:00+00:00,-0.0003881579771241048
2023-11-21 00:00:00+00:00,2.5017304615365766e-05
2023-11-22 00:00:00+00:00,0.0010507764082727134
2023-11-24 00:00:00+00:00,0.00025622889936975966
2023-11-27 00:00:00+00:00,-2.003509451014172e-05
2023-11-28 00:00:00+00:00,0.00038997673017353
2023-11-29 00:00:00+00:00,0.00044322376805158486
2023-11-30 00:00:00+00:00,0.0001844130022985094
2023-12-01 00:00:00+00:00,6.243274614893692e-05
2023-12-04 00:00:00+00:00,0.0001927834679834693
2023-12-05 00:00:00+00:00,-0.0001462518108593794
2023-12-06 00:00:00+00:00,0.0003441473497257193
2023-12-07 00:00:00+00:00,0.0017219076392319232
2023-12-08 00:00:00+00:00,-0.00021829623763892792
2023-12-11 00:00:00+00:00,0.0014881354755857975
2023-12-12 00:00:00+00:00,-2.8330540674490668e-05
2023-12-13 00:00:00+00:00,0.0001648992673377184
2023-12-14 00:00:00+00:00,0.00016728517577970599
2023-12-15 00:00:00+00:00,8.77377687940223e-05
2023-12-18 00:00:00+00:00,-0.0007278141099740975
2023-12-19 00:00:00+00:00,0.0006926391708691264
2023-12-20 00:00:00+00:00,-0.0005654618627258707
2023-12-21 00:00:00+00:00,0.000550727738179556
2023-12-22 00:00:00+00:00,6.143219339436905e-05
2023-12-26 00:00:00+00:00,0.0006983809298848452
2023-12-27 00:00:00+00:00,0.0004601111686595464
2023-12-28 00:00:00+00:00,0.0005289777660703289
2023-12-29 00:00:00+00:00,-0.00017141707248664452
2024-01-02 00:00:00+00:00,-0.000910822233154164
2024-01-03 00:00:00+00:00,-0.00043135522076601394
2024-01-04 00:00:00+00:00,1.9278299913361856e-05
2024-01-05 00:00:00+00:00,0.00011553016019987717
2024-01-08 00:00:00+00:00,0.0001571295941197166
2024-01-09 00:00:00+00:00,0.00033809079912140055
2024-01-10 00:00:00+00:00,-0.0006606691843516591
2024-01-11 00:00:00+00:00,-0.00023744668054947256
2024-01-12 00:00:00+00:00,-2.968669650335446e-05
2024-01-16 00:00:00+00:00,0.001542182392785834
2024-01-17 00:00:00+00:00,2.30348299433065e-05
2024-01-18 00:00:00+00:00,5.102813992988334e-05
2024-01-19 00:00:00+00:00,0.0013734357638037107
2024-01-22 00:00:00+00:00,-0.001597459546411053
2024-01-23 00:00:00+00:00,0.0010936770138795752
2024-01-24 00:00:00+00:00,0.0013283766820372963
2024-01-25 00:00:00+00:00,-0.0002290138392514798
2024-01-26 00:00:00+00:00,0.000635420078235882
2024-01-29 00:00:00+00:00,-0.0008881328696977505
2024-01-30 00:00:00+00:00,-0.002884682705351163
2024-01-31 00:00:00+00:00,0.0011806382382010766
2024-02-01 00:00:00+00:00,0.00043668814734824164
2024-02-02 00:00:00+00:00,-0.0006398826826221448
2024-02-05 00:00:00+00:00,-0.002128439707318995
2024-02-06 00:00:00+00:00,-0.0004189408582601218
2024-02-07 00:00:00+00:00,-0.0006600289467204035
2024-02-08 00:00:00+00:00,9.042125681062423e-06
2024-02-09 00:00:00+00:00,-0.00019619088539924923
2024-02-12 00:00:00+00:00,-0.00023494157354410594
2024-02-13 00:00:00+00:00,-7.66769920547202e-05
2024-02-14 00:00:00+00:00,0.0008326421880541817
2024-02-15 00:00:00+00:00,4.571664978137427e-05
2024-02-16 00:00:00+00:00,-0.00024873518231558205
2024-02-20 00:00:00+00:00,-0.0004367310231385268
2024-02-21 00:00:00+00:00,-0.0006806439605730013
2024-02-22 00:00:00+00:00,-0.0010293672540266734
2024-02-23 00:00:00+00:00,-0.0002971284686456968
2024-02-26 00:00:00+00:00,-0.0002908879101956815
2024-02-27 00:00:00+00:00,0.0007393143741362852
2024-02-28 00:00:00+00:00,-7.601067612630495e-05
2024-02-29 00:00:00+00:00,0.0035100085365374584
2024-03-01 00:00:00+00:00,4.6022222814677984e-05
2024-03-04 00:00:00+00:00,-0.00044377800749609444
2024-03-05 00:00:00+00:00,0.0003703777347573953
2024-03-06 00:00:00+00:00,-0.00014138937960060964
2024-03-07 00:00:00+00:00,-0.002012448000220136
2024-03-08 00:00:00+00:00,0.002409762837437912
2024-03-11 00:00:00+00:00,-0.001298914295857863
2024-03-12 00:00:00+00:00,-0.0016621051253059228
2024-03-13 00:00:00+00:00,-0.0003777829586251483
2024-03-14 00:00:00+00:00,-0.00021206995155074828
2024-03-15 00:00:00+00:00,0.0008895566484334436
2024-03-18 00:00:00+00:00,-0.001103512120829885
2024-03-19 00:00:00+00:00,-0.0018998962904708688
2024-03-20 00:00:00+00:00,-0.0006457258067169278
2024-03-21 00:00:00+00:00,-0.0011598533651510194
2024-03-22 00:00:00+00:00,-0.0010077810304457298
2024-03-25 00:00:00+00:00,-0.00037468999210297284
2024-03-26 00:00:00+00:00,0.0009757549303501159
2024-03-27 00:00:00+00:00,0.0013683486252313796
2024-03-28 00:00:00+00:00,0.00016875671407258112
2024-04-01 00:00:00+00:00,0.0009247824026724241
2024-04-02 00:00:00+00:00,-0.0007613959939167384
2024-04-03 00:00:00+00:00,0.0007791886761551121
2024-04-04 00:00:00+00:00,-0.0019163344643207628
2024-04-05 00:00:00+00:00,8.120370014882706e-05
2024-04-08 00:00:00+00:00,0.0004748157293664185
2024-04-09 00:00:00+00:00,0.0011200451702746022
2024-04-10 00:00:00+00:00,-0.0016725589363028662
2024-04-11 00:00:00+00:00,-0.0009152108071651167
2024-04-12 00:00:00+00:00,-0.0005106616414405604
2024-04-15 00:00:00+00:00,0.0006404935369189725
2024-04-16 00:00:00+00:00,-0.000730026276635811
2024-04-17 00:00:00+00:00,4.0180863391685645e-05
2024-04-18 00:00:00+00:00,0.00042467975454914096
2024-04-19 00:00:00+00:00,0.002165377730978121
2024-04-22 00:00:00+00:00,-0.0006611491312589066
2024-04-23 00:00:00+00:00,-0.0005174628482606241
2024-04-24 00:00:00+00:00,0.0017019996689647422
2024-04-25 00:00:00+00:00,-0.0002993889774441566
2024-04-26 00:00:00+00:00,-0.0007038879834051871
2024-04-29 00:00:00+00:00,6.768897709064874e-05
2024-04-30 00:00:00+00:00,-0.0022266493184471665
2024-05-01 00:00:00+00:00,-7.478289612412174e-05
2024-05-02 00:00:00+00:00,-0.0002464684846511452
2024-05-03 00:00:00+00:00,-0.0002868777113798572
2024-05-06 00:00:00+00:00,-0.000413560292752563
2024-05-07 00:00:00+00:00,0.0007339401550178609
2024-05-08 00:00:00+00:00,-0.00017991079725777643
2024-05-09 00:00:00+00:00,0.0005699301308159315
2024-05-10 00:00:00+00:00,-0.0005729889905610883
2024-05-13 00:00:00+00:00,-0.0001988693192156811
2024-05-14 00:00:00+00:00,0.00017023549147975696
2024-05-15 00:00:00+00:00,-0.0004454158846162163
2024-05-16 00:00:00+00:00,0.0008139209644713459
2024-05-17 00:00:00+00:00,0.0012683108073528193
2024-05-20 00:00:00+00:00,-0.0001897970873777155
2024-05-21 00:00:00+00:00,-0.0007809793201051228
2024-05-22 00:00:00+00:00,-0.0013034730410359074
2024-05-23 00:00:00+00:00,-0.0029027588431008835
2024-05-24 00:00:00+00:00,-0.00013581794590814203
2024-05-28 00:00:00+00:00,-0.0026922931569103394
2024-05-29 00:00:00+00:00,-0.00019810647890350374
2024-05-30 00:00:00+00:00,0.0006187168453501464
2024-05-31 00:00:00+00:00,-0.00017741920591755612
2024-06-03 00:00:00+00:00,2.0991397539701973e-05
2024-06-04 00:00:00+00:00,-0.0004813353129053217
2024-06-05 00:00:00+00:00,-0.0001992118976641708
2024-06-06 00:00:00+00:00,0.00047787328001583335
2024-06-07 00:00:00+00:00,0.0002040118466453861
2024-06-10 00:00:00+00:00,-1.4252587210427545e-05
2024-06-11 00:00:00+00:00,0.00024413785695210876
2024-06-12 00:00:00+00:00,-0.0002451636583306358
2024-06-13 00:00:00+00:00,4.44964866799319e-05
2024-06-14 00:00:00+00:00,-0.000543911408119984
2024-06-17 00:00:00+00:00,-3.182562442667105e-05
2024-06-18 00:00:00+00:00,-0.0014702317106543277
2024-06-20 00:00:00+00:00,0.0019083966338792125
2024-06-21 00:00:00+00:00,0.0006663363715672076
2024-06-24 00:00:00+00:00,0.00097457607150449
2024-06-25 00:00:00+00:00,-0.0011213300535089738
2024-06-26 00:00:00+00:00,-6.72800136377049e-05
2024-06-27 00:00:00+00:00,0.0005403945914657865
2024-06-28 00:00:00+00:00,0.0004018896330850737
2024-07-01 00:00:00+00:00,-0.0007436638147159135
2024-07-02 00:00:00+00:00,0.0014906777836400042
2024-07-03 00:00:00+00:00,-0.0006389701844030366
2024-07-05 00:00:00+00:00,0.0017167588719842353
2024-07-08 00:00:00+00:00,0.0009379743835505385
2024-07-09 00:00:00+00:00,-0.0008988228515090178
2024-07-10 00:00:00+00:00,0.0009221696097012599
2024-07-11 00:00:00+00:00,0.0010805119643397777
2024-07-12 00:00:00+00:00,-0.0002180310690861942
2024-07-15 00:00:00+00:00,-0.00025413209300688926
2024-07-16 00:00:00+00:00,0.00013716373382144972
2024-07-17 00:00:00+00:00,-0.001467577310620425
2024-07-18 00:00:00+00:00,-0.0011106699097762263
2024-07-19 00:00:00+00:00,-6.179446212471396e-05
2024-07-22 00:00:00+00:00,-0.00026151393108411015
2024-07-23 00:00:00+00:00,0.0002260215072270516
2024-07-24 00:00:00+00:00,-0.0004243902319994537
2024-07-25 00:00:00+00:00,-0.000560673127432022
2024-07-26 00:00:00+00:00,-6.133032870612482e-05
2024-07-29 00:00:00+00:00,0.0003223090793798119
2024-07-30 00:00:00+00:00,0.0015432351980064428
2024-07-31 00:00:00+00:00,-0.0021716065795735636
2024-08-01 00:00:00+00:00,-0.0012243220758658513
2024-08-02 00:00:00+00:00,0.00010397164883517351
2024-08-05 00:00:00+00:00,0.0011052871007120922
2024-08-06 00:00:00+00:00,-0.0015006640955531158
2024-08-07 00:00:00+00:00,-0.00043011201136519635
2024-08-08 00:00:00+00:00,7.731989365584729e-05
2024-08-09 00:00:00+00:00,-0.00014084003439484026
2024-08-12 00:00:00+00:00,-8.691701471262532e-05
2024-08-13 00:00:00+00:00,-4.3223920059736544e-05
2024-08-14 00:00:00+00:00,5.8826669533012984e-05
2024-08-15 00:00:00+00:00,0.0010011065806004207
2024-08-16 00:00:00+00:00,0.00010168355437937277
2024-08-19 00:00:00+00:00,0.000582434468479349
2024-08-20 00:00:00+00:00,0.0009603645254480916
2024-08-21 00:00:00+00:00,0.0004241972279966513
2024-08-22 00:00:00+00:00,-0.0005191384373278833
2024-08-23 00:00:00+00:00,-0.0003753178956018321
2024-08-26 00:00:00+00:00,-0.00047952365338955864
2024-08-27 00:00:00+00:00,-0.0003692126326083957
2024-08-28 00:00:00+00:00,0.0005421054064008849
2024-08-29 00:00:00+00:00,0.00036811169050015544
2024-08-30 00:00:00+00:00,0.0005620847559840355
2024-09-03 00:00:00+00:00,0.00010159431382817867
2024-09-04 00:00:00+00:00,5.0788772703171896e-05
2024-09-05 00:00:00+00:00,-0.00041669359458407673
2024-09-06 00:00:00+00:00,-0.0007978917037191233
2024-09-09 00:00:00+00:00,0.00017883614127851488
2024-09-10 00:00:00+00:00,0.0012713355145562415
2024-09-11 00:00:00+00:00,-0.00020825408344397406
2024-09-12 00:00:00+00:00,0.00022354319366463008
2024-09-13 00:00:00+00:00,0.0007281490874571949
2024-09-16 00:00:00+00:00,0.0003199838838147936
2024-09-17 00:00:00+00:00,5.158793805440279e-05
2024-09-18 00:00:00+00:00,7.616305609668555e-05
2024-09-19 00:00:00+00:00,0.0005422707918577985
2024-09-20 00:00:00+00:00,0.00048168969814110286
2024-09-23 00:00:00+00:00,-7.9599472311866e-05
2024-09-24 00:00:00+00:00,-0.00015842146529824086
2024-09-25 00:00:00+00:00,1.2355956756530871e-06
2024-09-26 00:00:00+00:00,0.0006309182300010574
2024-09-27 00:00:00+00:00,-5.4543016631729715e-05
2024-09-30 00:00:00+00:00,-0.0003000397219161346
2024-10-01 00:00:00+00:00,9.691454010864672e-05
2024-10-02 00:00:00+00:00,-0.0004123366954123166
2024-10-03 00:00:00+00:00,-6.897579514208021e-05
2024-10-04 00:00:00+00:00,0.0010223208361774933
2024-10-07 00:00:00+00:00,-0.0005355545888969241
2024-10-08 00:00:00+00:00,-0.0001829482678915153
2024-10-09 00:00:00+00:00,-0.0001214935360230779
2024-10-10 00:00:00+00:00,-0.0009881192886491675
2024-10-11 00:00:00+00:00,0.00040370550609612673
2024-10-14 00:00:00+00:00,-0.0006982795863855165
2024-10-15 00:00:00+00:00,-0.00010186361449078783
2024-10-16 00:00:00+00:00,-0.0005913816262079064
2024-10-17 00:00:00+00:00,-0.00013123637695283325
2024-10-18 00:00:00+00:00,-0.0001223306539127879
2024-10-21 00:00:00+00:00,-0.000634968065310119
2024-10-22 00:00:00+00:00,-0.0002190187552506395
2024-10-23 00:00:00+00:00,0.00030754226578544075
2024-10-24 00:00:00+00:00,-0.00018508888931893355
2024-10-25 00:00:00+00:00,-0.00013642733968354973
2024-10-28 00:00:00+00:00,0.0011300414347508844
2024-10-29 00:00:00+00:00,-0.0012189672620997163
2024-10-30 00:00:00+00:00,-0.00041534115572228826
2024-10-31 00:00:00+00:00,9.856318092116572e-05
2024-11-01 00:00:00+00:00,-0.001206632214721715
2024-11-04 00:00:00+00:00,0.0004769878108035736
2024-11-05 00:00:00+00:00,0.00034601646928565395
2024-11-06 00:00:00+00:00,0.00020980984230751823
2024-11-07 00:00:00+00:00,0.0003780714536303278
2024-11-08 00:00:00+00:00,0.00011653793610352392
2024-11-11 00:00:00+00:00,-0.0002596945830144079
2024-11-12 00:00:00+00:00,-0.0011353244889217718
2024-11-13 00:00:00+00:00,-0.0006198234029916777
2024-11-14 00:00:00+00:00,-0.0010937465022441374
2024-11-15 00:00:00+00:00,6.904940439275821e-06
2024-11-18 00:00:00+00:00,0.0011077807888762261
2024-11-19 00:00:00+00:00,-0.0008854507614948957
2024-11-20 00:00:00+00:00,0.00038777241330343953
2024-11-21 00:00:00+00:00,-4.766023092644156e-05
2024-11-22 00:00:00+00:00,0.0008370141364623028
2024-11-25 00:00:00+00:00,0.0018580299922938458
2024-11-26 00:00:00+00:00,-0.0009542416669138369
2024-11-27 00:00:00+00:00,0.00014139418999094635
2024-11-29 00:00:00+00:00,-0.0001750133660329807
2024-12-02 00:00:00+00:00,0.0003698073173551502
2024-12-03 00:00:00+00:00,0.0002029499624716136
2024-12-04 00:00:00+00:00,-0.0003093863088619278
2024-12-05 00:00:00+00:00,-0.0004903472539121331
2024-12-06 00:00:00+00:00,0.0005520793999613919
2024-12-09 00:00:00+00:00,-0.0007003812186918134
2024-12-10 00:00:00+00:00,-0.0005092146171221104
2024-12-11 00:00:00+00:00,0.0002805211827596649
2024-12-12 00:00:00+00:00,0.00044228095460246974
2024-12-13 00:00:00+00:00,-0.00048802509035267283
2024-12-16 00:00:00+00:00,0.0005144030899120102
2024-12-17 00:00:00+00:00,-0.00016977380990456186
2024-12-18 00:00:00+00:00,-0.0003595575824363998
2024-12-19 00:00:00+00:00,-0.00037685882553495505
2024-12-20 00:00:00+00:00,-0.00021009508150150678
2024-12-23 00:00:00+00:00,0.00010267977904909021
2024-12-24 00:00:00+00:00,-6.955328870610654e-05
2024-12-26 00:00:00+00:00,-0.00022137737030370722
2024-12-27 00:00:00+00:00,0.0005299800275250845
2024-12-30 00:00:00+00:00,-0.000434781013006525
2024-12-31 00:00:00+00:00,4.755885310008133e-05
2025-01-02 00:00:00+00:00,-0.00015221633194504696
2025-01-03 00:00:00+00:00,-0.00020050487904465649
2025-01-06 00:00:00+00:00,-4.7835597768463674e-05
2025-01-07 00:00:00+00:00,0.0009644935536669168
2025-01-08 00:00:00+00:00,-0.00032446686397206965
2025-01-10 00:00:00+00:00,-0.0004784690532609003
2025-01-13 00:00:00+00:00,0.0005672125767548408
2025-01-14 00:00:00+00:00,0.00043911070420315633
2025-01-15 00:00:00+00:00,3.7245651920405415e-05
2025-01-16 00:00:00+00:00,-0.00015426367692264963
2025-01-17 00:00:00+00:00,2.7325309953570546e-07
2025-01-21 00:00:00+00:00,-0.0002957959827495637
2025-01-22 00:00:00+00:00,-0.00040325668128668083
2025-01-23 00:00:00+00:00,3.23952244814044e-05
2025-01-24 00:00:00+00:00,0.0006154791596108713
2025-01-27 00:00:00+00:00,0.0020816419149189084
2025-01-28 00:00:00+00:00,-0.0012936420472724926
2025-01-29 00:00:00+00:00,0.0016465298401079653
2025-01-30 00:00:00+00:00,0.00030354711903017974
2025-01-31 00:00:00+00:00,0.0005363285234425071
2025-02-03 00:00:00+00:00,0.0003576148851757655
2025-02-04 00:00:00+00:00,-0.0011574896499889759
2025-02-05 00:00:00+00:00,-0.0003782762199523027
2025-02-06 00:00:00+00:00,-0.00048670442430491485
2025-02-07 00:00:00+00:00,-0.0006199499138942368
2025-02-10 00:00:00+00:00,-0.00021922142907512747
2025-02-11 00:00:00+00:00,0.00022178042859385003
2025-02-12 00:00:00+00:00,0.00032916799927998065
2025-02-13 00:00:00+00:00,-0.0006777186648180652
2025-02-14 00:00:00+00:00,-0.0004623963165572246
2025-02-18 00:00:00+00:00,-0.00010224048646480363
2025-02-19 00:00:00+00:00,0.0001234805762071035
2025-02-20 00:00:00+00:00,0.0001983573228112362
2025-02-21 00:00:00+00:00,0.00011120453930893623
2025-02-24 00:00:00+00:00,-4.840297533304874e-05
2025-02-25 00:00:00+00:00,0.00024758444750732153
2025-02-26 00:00:00+00:00,0.0003097811011443724
2025-02-27 00:00:00+00:00,0.00027011332809957815
2025-02-28 00:00:00+00:00,-0.0003126735455587729
2025-03-03 00:00:00+00:00,0.0014399394153152751
2025-03-04 00:00:00+00:00,-5.802299001148758e-06
2025-03-05 00:00:00+00:00,0.00034844853084240395
2025-03-06 00:00:00+00:00,0.000829712215568839
2025-03-07 00:00:00+00:00,0.00044716037219614673
2025-03-10 00:00:00+00:00,0.00020332205323911876
2025-03-11 00:00:00+00:00,-0.00023196746564281944
2025-03-12 00:00:00+00:00,-0.00030238001278710887
2025-03-13 00:00:00+00:00,-0.00016535523220328135
2025-03-14 00:00:00+00:00,-0.0004178801790509559
2025-03-17 00:00:00+00:00,0.0011771882598869696
2025-03-18 00:00:00+00:00,0.00041068266613028754
2025-03-19 00:00:00+00:00,-0.00011610559357121559
2025-03-20 00:00:00+00:00,0.00016162689155698528
2025-03-21 00:00:00+00:00,-0.00013885322209892118
2025-03-24 00:00:00+00:00,0.0006350058279595632
2025-03-25 00:00:00+00:00,0.00033120692455393364
2025-03-26 00:00:00+00:00,0.0002497230939779935
2025-03-27 00:00:00+00:00,5.269737225182229e-05
2025-03-28 00:00:00+00:00,-0.00027886952329532293
2025-03-31 00:00:00+00:00,-2.467426649912589e-05
2025-04-01 00:00:00+00:00,-0.00041211840381587944
2025-04-02 00:00:00+00:00,7.28738162660361e-05
2025-04-03 00:00:00+00:00,0.0006957981356016245
2025-04-04 00:00:00+00:00,4.6224838903374715e-05
2025-04-07 00:00:00+00:00,-0.00015866755206818498
2025-04-08 00:00:00+00:00,4.858666651645462e-06
2025-04-09 00:00:00+00:00,-0.0004288417074599892
2025-04-10 00:00:00+00:00,0.001017342876223817
2025-04-11 00:00:00+00:00,0.0007901915178739589
2025-04-14 00:00:00+00:00,0.0004364637592646508
2025-04-15 00:00:00+00:00,0.00027189927710693346
2025-04-16 00:00:00+00:00,-0.00034955026815349356
2025-04-17 00:00:00+00:00,0.00010747880120777377
2025-04-21 00:00:00+00:00,9.329498447655806e-05
2025-04-22 00:00:00+00:00,-0.0007070005016162343
2025-04-23 00:00:00+00:00,0.00028094181575267596
2025-04-24 00:00:00+00:00,-0.0001481441855368244
2025-04-25 00:00:00+00:00,-0.0002571442386446465
2025-04-28 00:00:00+00:00,0.0002674662377886123
2025-04-29 00:00:00+00:00,0.00010741979107602743
2025-04-30 00:00:00+00:00,-1.9175382727294032e-05
2025-05-01 00:00:00+00:00,-0.000308483390857156
2025-05-02 00:00:00+00:00,-0.00020647757869069443
2025-05-05 00:00:00+00:00,0.0006898793825671644
2025-05-06 00:00:00+00:00,0.00012206949903229254
2025-05-07 00:00:00+00:00,-0.00034467664228492813
2025-05-08 00:00:00+00:00,0.0004528237047918763
2025-05-09 00:00:00+00:00,0.0005020461965834063
2025-05-12 00:00:00+00:00,-0.0009088943265337567
2025-05-13 00:00:00+00:00,-0.0006751770706753905
2025-05-14 00:00:00+00:00,5.751553156376946e-05
2025-05-15 00:00:00+00:00,-5.371089882649508e-05
2025-05-16 00:00:00+00:00,0.0003458081363597679
2025-05-19 00:00:00+00:00,-0.00010608443002374919
2025-05-20 00:00:00+00:00,0.00024463387657729834
2025-05-21 00:00:00+00:00,0.00012194174207693825
2025-05-22 00:00:00+00:00,-0.0002510997266629671
2025-05-23 00:00:00+00:00,0.00015533848964618594
2025-05-27 00:00:00+00:00,-5.659876223827369e-05
2025-05-28 00:00:00+00:00,-0.0004349303950578829
2025-05-29 00:00:00+00:00,0.00011864003920753556
2025-05-30 00:00:00+00:00,0.0006704852997471289
2025-06-02 00:00:00+00:00,0.0008080769395732479
2025-06-03 00:00:00+00:00,-0.00040389838344335717
2025-06-04 00:00:00+00:00,0.00034458624878708097
2025-06-05 00:00:00+00:00,4.804903949580163e-06
2025-06-06 00:00:00+00:00,-0.00040649250950129423
2025-06-09 00:00:00+00:00,0.0008527059740041069
2025-06-10 00:00:00+00:00,-0.00016142280014192482
2025-06-11 00:00:00+00:00,-0.00037175521501122425
2025-06-12 00:00:00+00:00,-0.0003975399697390245
2025-06-13 00:00:00+00:00,0.00017890841949719377
2025-06-16 00:00:00+00:00,0.0008091666318255151
2025-06-17 00:00:00+00:00,0.0003544630946005428
2025-06-18 00:00:00+00:00,-0.0003091622019613827
2025-06-20 00:00:00+00:00,6.834325741844463e-05
2025-06-23 00:00:00+00:00,0.00040851012881747226
2025-06-24 00:00:00+00:00,0.0003978604736575148
2025-06-25 00:00:00+00:00,-0.00030576288175387267
2025-06-26 00:00:00+00:00,6.484388228816599e-05
2025-06-27 00:00:00+00:00,-0.001123276673198392
2025-06-30 00:00:00+00:00,-2.8660732393551713e-05
2025-07-01 00:00:00+00:00,-0.0002288308908320471
2025-07-02 00:00:00+00:00,-0.0001250816464702099
2025-07-03 00:00:00+00:00,-0.0002671399390134759
2025-07-07 00:00:00+00:00,0.00017969181690965334
2025-07-08 00:00:00+00:00,-0.00043383989399610294
2025-07-09 00:00:00+00:00,-0.00025370564306824493
2025-07-10 00:00:00+00:00,0.0009474297908054108
2025-07-11 00:00:00+00:00,-2.5908299372100145e-05
2025-07-14 00:00:00+00:00,0.0005174488280932402
2025-07-15 00:00:00+00:00,0.0003736244679313148
2025-07-16 00:00:00+00:00,7.856590531124023e-05
2025-07-17 00:00:00+00:00,-0.0001669024156693451
2025-07-18 00:00:00+00:00,-0.000677835509702946
2025-07-21 00:00:00+00:00,0.0007441988778673344
2025-07-22 00:00:00+00:00,0.0004636535394387255
2025-07-23 00:00:00+00:00,-6.511639265102815e-05
2025-07-24 00:00:00+00:00,0.00033458175379228226
2025-07-25 00:00:00+00:00,0.0005518522032439344
2025-07-28 00:00:00+00:00,0.0004885269973900387
2025-07-29 00:00:00+00:00,0.0008991132050399085
2025-07-30 00:00:00+00:00,0.00021665444009375489
2025-07-31 00:00:00+00:00,-0.0006397844435977435
2025-08-01 00:00:00+00:00,-6.472605782382008e-05
2025-08-04 00:00:00+00:00,0.0002846358136477775
2025-08-05 00:00:00+00:00,-0.0014224930602369295
2025-08-06 00:00:00+00:00,9.133387095406599e-05
2025-08-07 00:00:00+00:00,0.0013038303832344212
2025-08-08 00:00:00+00:00,-0.0001159393728036382
2025-08-11 00:00:00+00:00,0.0006178027898985671
2025-08-12 00:00:00+00:00,-1.3804070489230986e-05
2025-08-13 00:00:00+00:00,0.0016425642143714097
2025-08-14 00:00:00+00:00,-0.0003929590870042696
2025-08-15 00:00:00+00:00,-0.0001117796765016669
2025-08-18 00:00:00+00:00,-0.00046581343047715125
2025-08-19 00:00:00+00:00,-0.000281766795164591
2025-08-20 00:00:00+00:00,0.000670164548236083
2025-08-21 00:00:00+00:00,-1.8349483489989784e-05
2025-08-22 00:00:00+00:00,-5.741969333005653e-05
2025-08-25 00:00:00+00:00,-0.0009021673871057226
2025-08-26 00:00:00+00:00,0.0005393645066099126
2025-08-27 00:00:00+00:00,0.000531466464547475
2025-08-28 00:00:00+00:00,2.281344725900501e-05
2025-08-29 00:00:00+00:00,0.0005495175125563693
2025-09-02 00:00:00+00:00,0.0007641032204380181
2025-09-03 00:00:00+00:00,-9.924657810368636e-05
2025-09-04 00:00:00+00:00,-0.0005923365748406041
2025-09-05 00:00:00+00:00,-0.0006006097702606449
2025-09-08 00:00:00+00:00,-7.759509499803838e-05
2025-09-09 00:00:00+00:00,7.845441768499845e-05
2025-09-10 00:00:00+00:00,5.971066491344531e-05
2025-09-11 00:00:00+00:00,-7.403623915353562e-05
2025-09-12 00:00:00+00:00,0.0004298042082666973
2025-09-15 00:00:00+00:00,0.0003768577463077883
2025-09-16 00:00:00+00:00,-0.0004029005083848779
2025-09-17 00:00:00+00:00,0.00037673677336843957
2025-09-18 00:00:00+00:00,-0.0007953216440632948
2025-09-19 00:00:00+00:00,0.0007934461163492919
2025-09-22 00:00:00+00:00,-0.00013814675399227342
2025-09-23 00:00:00+00:00,0.0008454822795462385
2025-09-24 00:00:00+00:00,-0.000104655922923257
2025-09-25 00:00:00+00:00,0.00011533951359640817
2025-09-26 00:00:00+00:00,2.677153641716005e-05
2025-09-29 00:00:00+00:00,-2.9364125061317376e-05
2025-09-30 00:00:00+00:00,-0.0005699016283496623
2025-10-01 00:00:00+00:00,0.0003236194188427126
2025-10-02 00:00:00+00:00,0.0007005900205601316
2025-10-03 00:00:00+00:00,-0.0007948014763582695
2025-10-06 00:00:00+00:00,0.0069351126615901865
2025-10-07 00:00:00+00:00,6.825164421867197e-05
2025-10-08 00:00:00+00:00,0.004228140677881192
2025-10-09 00:00:00+00:00,-0.002287444736419304
2025-10-10 00:00:00+00:00,-0.0017083271443849113
2025-10-13 00:00:00+00:00,0.00020921408606964392
2025-10-14 00:00:00+00:00,0.0010956624826867105
2025-10-15 00:00:00+00:00,0.003516561521394006
2025-10-16 00:00:00+00:00,-0.0005336194728697073
2025-10-17 00:00:00+00:00,-0.001531474937550632
2025-10-20 00:00:00+00:00,0.0011457007253955114
2025-10-21 00:00:00+00:00,9.399180044903374e-05
2025-10-22 00:00:00+00:00,-0.0012663309124942852
2025-10-23 00:00:00+00:00,0.0009856660206782792
2025-10-24 00:00:00+00:00,0.0023830761258702474
2025-10-27 00:00:00+00:00,-0.00010179150695913697
2025-10-28 00:00:00+00:00,-0.0015148720212537238
2025-10-29 00:00:00+00:00,-6.525302762399265e-05
2025-10-30 00:00:00+00:00,-0.0001118157794095535
2025-10-31 00:00:00+00:00,0.000810441149074995
2025-11-03 00:00:00+00:00,-0.0007184917088936396
2025-11-04 00:00:00+00:00,-0.0010704112947069126
2025-11-05 00:00:00+00:00,0.00208433408450402
2025-11-06 00:00:00+00:00,-0.0012831328384330229
2025-11-07 00:00:00+00:00,-0.00037454095136881096
2025-11-10 00:00:00+00:00,-0.0001428169224940669
2025-11-11 00:00:00+00:00,0.0016081357539805723
2025-11-12 00:00:00+00:00,0.0019128916756771465
2025-11-13 00:00:00+00:00,-0.0007188135408407138
2025-11-14 00:00:00+00:00,-0.0006669636866145606
2025-11-17 00:00:00+00:00,-0.000600079532567338
2025-11-18 00:00:00+00:00,-0.0010955366947926505
2025-11-19 00:00:00+00:00,-0.0015081843970511754
2025-11-20 00:00:00+00:00,-0.0018262281119313445
2025-11-21 00:00:00+00:00,4.320965673042255e-05
2025-11-24 00:00:00+00:00,0.0012666301218233638
2025-11-25 00:00:00+00:00,-0.0006600342979332971
2025-11-26 00:00:00+00:00,0.0012501842558770983
2025-11-28 00:00:00+00:00,0.001312476461475348
2025-12-01 00:00:00+00:00,-0.00031883633776645014
2025-12-02 00:00:00+00:00,-0.0008316486630250145
2025-12-03 00:00:00+00:00,0.00042265348420809945
2025-12-04 00:00:00+00:00,-0.0004826619651981698
2025-12-05 00:00:00+00:00,0.000679264519914791
2025-12-08 00:00:00+00:00,0.00035814679585001913
2025-12-09 00:00:00+00:00,-0.00014959297785386598
2025-12-10 00:00:00+00:00,0.0007961140169578167
2025-12-11 00:00:00+00:00,0.0008463712131314101
2025-12-12 00:00:00+00:00,-0.0009066307147367009
2025-12-15 00:00:00+00:00,-0.0002662997524999473
2025-12-16 00:00:00+00:00,-0.00013455890249521266
2025-12-17 00:00:00+00:00,-0.0006584886872513376
2025-12-18 00:00:00+00:00,0.00036629513516878685
2025-12-19 00:00:00+00:00,0.000630014873771197
2025-12-22 00:00:00+00:00,-0.00017030626715891351
2025-12-23 00:00:00+00:00,-0.0003075619956504734
2025-12-24 00:00:00+00:00,0.00015629601775977024
2025-12-26 00:00:00+00:00,-0.0003638019105458192
2025-12-29 00:00:00+00:00,-0.0005771355156412212
2025-12-30 00:00:00+00:00,-0.0001058290967382523
2025-12-31 00:00:00+00:00,0.0002778838465400028
2026-01-02 00:00:00+00:00,0.0009925481384466933
2026-01-05 00:00:00+00:00,0.0014927113885780288
2026-01-06 00:00:00+00:00,-0.0006190655499406427
2026-01-07 00:00:00+00:00,0.00013487069214533978
2026-01-08 00:00:00+00:00,-0.00023843000992866887
2026-01-09 00:00:00+00:00,0.0001324907496729292
2026-01-12 00:00:00+00:00,0.0006800938392073991
2026-01-13 00:00:00+00:00,0.0009373394210097849
2026-01-14 00:00:00+00:00,0.00041373894618056985
2026-01-15 00:00:00+00:00,0.0004832042899069324
2026-01-16 00:00:00+00:00,-0.00010481521790003186
2026-01-20 00:00:00+00:00,0.0006338865853920581
2026-01-21 00:00:00+00:00,0.0015894139405075488
2026-01-22 00:00:00+00:00,-5.229390720829205e-05
2026-01-23 00:00:00+00:00,-0.00036050242651025307
2026-01-26 00:00:00+00:00,-0.00024977373459142546
2026-01-27 00:00:00+00:00,0.00017819204339091776
2026-01-28 00:00:00+00:00,0.0012066794097554449
2026-01-29 00:00:00+00:00,-0.00025256613076953563
2026-01-30 00:00:00+00:00,-0.000671383485796526
2026-02-02 00:00:00+00:00,0.0008367854072603926
2026-02-03 00:00:00+00:00,-0.0011210299502764371
2026-02-04 00:00:00+00:00,-0.001719329423426475
2026-02-05 00:00:00+00:00,-0.0008126690809579818
2026-02-06 00:00:00+00:00,0.001380246958990743
2026-02-09 00:00:00+00:00,6.777827324540323e-05
2026-02-10 00:00:00+00:00,0.0005213521585174908
2026-02-11 00:00:00+00:00,-0.00011677393633638156
2026-02-12 00:00:00+00:00,-9.353367971671377e-05
2026-02-13 00:00:00+00:00,-0.0002005283746137076
2026-02-17 00:00:00+00:00,-0.0010075833901421396
2026-02-18 00:00:00+00:00,0.0001254061338923418
2026-02-19 00:00:00+00:00,-0.00023046498903526313
