date,equity,returns
2020-07-01 00:00:00+00:00,1000000.0,0.0
2020-07-02 00:00:00+00:00,1000000.0,0.0
2020-07-06 00:00:00+00:00,1000000.0,0.0
2020-07-07 00:00:00+00:00,1000000.0,0.0
2020-07-08 00:00:00+00:00,1000000.0,0.0
2020-07-09 00:00:00+00:00,1000000.0,0.0
2020-07-10 00:00:00+00:00,1000000.0,0.0
2020-07-13 00:00:00+00:00,1000000.0,0.0
2020-07-14 00:00:00+00:00,1000000.0,0.0
2020-07-15 00:00:00+00:00,1000000.0,0.0
2020-07-16 00:00:00+00:00,1000000.0,0.0
2020-07-17 00:00:00+00:00,1000000.0,0.0
2020-07-20 00:00:00+00:00,1000000.0,0.0
2020-07-21 00:00:00+00:00,1000000.0,0.0
2020-07-22 00:00:00+00:00,1000000.0,0.0
2020-07-23 00:00:00+00:00,1000000.0,0.0
2020-07-24 00:00:00+00:00,999977.4882101907,-2.2511789809276372e-05
2020-07-27 00:00:00+00:00,999966.0729155773,-1.1415551597893092e-05
2020-07-28 00:00:00+00:00,1000021.0876940652,5.501664504214965e-05
2020-07-29 00:00:00+00:00,1000174.3652848585,0.0001532743585905827
2020-07-30 00:00:00+00:00,1000056.7221062478,-0.00011762266930048781
2020-07-31 00:00:00+00:00,1000354.7872820299,0.0002980482698564657
2020-08-03 00:00:00+00:00,999987.612267457,-0.0003670447917488717
2020-08-04 00:00:00+00:00,1000038.6365847088,5.102494933528767e-05
2020-08-05 00:00:00+00:00,1000046.58274478,7.945853070623343e-06
2020-08-06 00:00:00+00:00,1000071.8695490384,2.5285626384485838e-05
2020-08-07 00:00:00+00:00,999990.7494101413,-8.111430924828689e-05
2020-08-10 00:00:00+00:00,1000024.8039914621,3.405489634866754e-05
2020-08-11 00:00:00+00:00,1000042.3740121904,1.7569584932486393e-05
2020-08-12 00:00:00+00:00,1000042.3740121904,0.0
2020-08-13 00:00:00+00:00,1000042.3740121904,0.0
2020-08-14 00:00:00+00:00,1000042.3740121904,0.0
2020-08-17 00:00:00+00:00,1000042.3740121904,0.0
2020-08-18 00:00:00+00:00,1000042.3740121904,0.0
2020-08-19 00:00:00+00:00,1000042.3740121904,0.0
2020-08-20 00:00:00+00:00,1000042.3740121904,0.0
2020-08-21 00:00:00+00:00,1000042.3740121904,0.0
2020-08-24 00:00:00+00:00,1000042.3740121904,0.0
2020-08-25 00:00:00+00:00,1000042.3740121904,0.0
2020-08-26 00:00:00+00:00,1000042.3740121904,0.0
2020-08-27 00:00:00+00:00,1000042.3740121904,0.0
2020-08-28 00:00:00+00:00,1000042.3740121904,0.0
2020-08-31 00:00:00+00:00,1000029.2074401878,-1.3166014105725488e-05
2020-09-01 00:00:00+00:00,999932.8887749201,-9.631585212821481e-05
2020-09-02 00:00:00+00:00,1000021.07992849,8.819707258345133e-05
2020-09-03 00:00:00+00:00,999916.0275841032,-0.00010505012993755614
2020-09-04 00:00:00+00:00,999921.2109845364,5.183835732447406e-06
2020-09-08 00:00:00+00:00,999902.6903962988,-1.8522047571578604e-05
2020-09-09 00:00:00+00:00,999888.8754640976,-1.3816276657530047e-05
2020-09-10 00:00:00+00:00,999888.561982958,-3.1351597895579175e-07
2020-09-11 00:00:00+00:00,999944.6081550196,5.605241843187336e-05
2020-09-14 00:00:00+00:00,999953.8306476331,9.22300349270877e-06
2020-09-15 00:00:00+00:00,999898.05088618,-5.578233688741108e-05
2020-09-16 00:00:00+00:00,999803.6757609908,-9.438474763057147e-05
2020-09-17 00:00:00+00:00,999887.1113938522,8.345201651493994e-05
2020-09-18 00:00:00+00:00,999618.6292521254,-0.0002685124537233907
2020-09-21 00:00:00+00:00,999643.7544914205,2.5134824982009363e-05
2020-09-22 00:00:00+00:00,999640.7309083346,-3.024660607642282e-06
2020-09-23 00:00:00+00:00,999974.0308908144,0.0003334197698976471
2020-09-24 00:00:00+00:00,999965.9607127429,-8.070387652270306e-06
2020-09-25 00:00:00+00:00,999927.4592214014,-3.8502801949391596e-05
2020-09-28 00:00:00+00:00,999916.9522836113,-1.0507700026862743e-05
2020-09-29 00:00:00+00:00,999921.9304758732,4.97860572368225e-06
2020-09-30 00:00:00+00:00,999981.0977035587,5.917184720360957e-05
2020-10-01 00:00:00+00:00,999981.0977035587,0.0
2020-10-02 00:00:00+00:00,999981.0977035587,0.0
2020-10-05 00:00:00+00:00,999981.0977035587,0.0
2020-10-06 00:00:00+00:00,999981.0977035587,0.0
2020-10-07 00:00:00+00:00,999981.0977035587,0.0
2020-10-08 00:00:00+00:00,999981.0977035587,0.0
2020-10-09 00:00:00+00:00,999981.0977035587,0.0
2020-10-12 00:00:00+00:00,999981.0977035587,0.0
2020-10-13 00:00:00+00:00,999981.0977035587,0.0
2020-10-14 00:00:00+00:00,999981.0977035587,0.0
2020-10-15 00:00:00+00:00,999981.0977035587,0.0
2020-10-16 00:00:00+00:00,999981.0977035587,0.0
2020-10-19 00:00:00+00:00,999981.0977035587,0.0
2020-10-20 00:00:00+00:00,999981.0977035587,0.0
2020-10-21 00:00:00+00:00,999981.0977035587,0.0
2020-10-22 00:00:00+00:00,999981.0977035587,0.0
2020-10-23 00:00:00+00:00,999981.0977035587,0.0
2020-10-26 00:00:00+00:00,999981.0977035587,0.0
2020-10-27 00:00:00+00:00,999981.0977035587,0.0
2020-10-28 00:00:00+00:00,999981.0977035587,0.0
2020-10-29 00:00:00+00:00,999981.0977035587,0.0
2020-10-30 00:00:00+00:00,999981.0977035587,0.0
2020-11-02 00:00:00+00:00,999981.0977035587,0.0
2020-11-03 00:00:00+00:00,999981.0977035587,0.0
2020-11-04 00:00:00+00:00,999981.0977035587,0.0
2020-11-05 00:00:00+00:00,999981.0977035587,0.0
2020-11-06 00:00:00+00:00,999981.0977035587,0.0
2020-11-09 00:00:00+00:00,999981.0977035587,0.0
2020-11-10 00:00:00+00:00,999967.5520634798,-1.3545896127453716e-05
2020-11-11 00:00:00+00:00,1000007.3492079631,3.979843586043863e-05
2020-11-12 00:00:00+00:00,999984.9672124126,-2.238183106173519e-05
2020-11-13 00:00:00+00:00,999947.1879707656,-3.777980958286076e-05
2020-11-16 00:00:00+00:00,1000007.3464023228,6.01616088138357e-05
2020-11-17 00:00:00+00:00,999991.181274056,-1.6165009512070228e-05
2020-11-18 00:00:00+00:00,999950.4635558242,-4.071807731331756e-05
2020-11-19 00:00:00+00:00,999972.4477979066,2.1985331157381438e-05
2020-11-20 00:00:00+00:00,1000012.3879221363,3.9941224698525346e-05
2020-11-23 00:00:00+00:00,1000001.9651842136,-1.0422608808235978e-05
2020-11-24 00:00:00+00:00,999985.1756930692,-1.6789458149979453e-05
2020-11-25 00:00:00+00:00,999972.4746673079,-1.2701214048060905e-05
2020-11-27 00:00:00+00:00,1000006.441691233,3.396795890431292e-05
2020-11-30 00:00:00+00:00,999960.5768100392,-4.5864585748178754e-05
2020-12-01 00:00:00+00:00,999959.2093841172,-1.367479832481422e-06
2020-12-02 00:00:00+00:00,1000029.2173397003,7.001081136737142e-05
2020-12-03 00:00:00+00:00,999975.5126362144,-5.370313442321084e-05
2020-12-04 00:00:00+00:00,999981.688066349,6.175581358291993e-06
2020-12-07 00:00:00+00:00,999972.7412031371,-8.947027049344136e-06
2020-12-08 00:00:00+00:00,1000028.3423036523,5.560261617554296e-05
2020-12-09 00:00:00+00:00,999988.5935025096,-3.974767460201978e-05
2020-12-10 00:00:00+00:00,999927.6567215858,-6.093747600699473e-05
2020-12-11 00:00:00+00:00,999979.964324108,5.231138689931747e-05
2020-12-14 00:00:00+00:00,999591.1763874557,-0.0003887957264374631
2020-12-15 00:00:00+00:00,999653.3396648307,6.218870158458678e-05
2020-12-16 00:00:00+00:00,999586.9597859331,-6.640289814852096e-05
2020-12-17 00:00:00+00:00,999586.9597859331,0.0
2020-12-18 00:00:00+00:00,999586.9597859331,0.0
2020-12-21 00:00:00+00:00,999586.9597859331,0.0
2020-12-22 00:00:00+00:00,999586.9597859331,0.0
2020-12-23 00:00:00+00:00,999586.9597859331,0.0
2020-12-24 00:00:00+00:00,999586.9597859331,0.0
2020-12-28 00:00:00+00:00,999586.9597859331,0.0
2020-12-29 00:00:00+00:00,999586.9597859331,0.0
2020-12-30 00:00:00+00:00,999586.9597859331,0.0
2020-12-31 00:00:00+00:00,999586.9597859331,0.0
2021-01-04 00:00:00+00:00,999586.9597859331,0.0
2021-01-05 00:00:00+00:00,999586.9597859331,0.0
2021-01-06 00:00:00+00:00,999586.9597859331,0.0
2021-01-07 00:00:00+00:00,999586.9597859331,0.0
2021-01-08 00:00:00+00:00,999561.9701119385,-2.4999999999941735e-05
2021-01-11 00:00:00+00:00,999486.7508106603,-7.52522640190545e-05
2021-01-12 00:00:00+00:00,999460.9199221245,-2.5844153026421957e-05
2021-01-13 00:00:00+00:00,999527.9140886993,6.703030127486187e-05
2021-01-14 00:00:00+00:00,999509.9309222018,-1.7991660106742025e-05
2021-01-15 00:00:00+00:00,999397.9918300366,-0.00011199397695016433
2021-01-19 00:00:00+00:00,999489.2327091619,9.129583996680957e-05
2021-01-20 00:00:00+00:00,999568.1687047249,7.897633409115201e-05
2021-01-21 00:00:00+00:00,999555.7209239762,-1.2453158412251142e-05
2021-01-22 00:00:00+00:00,999521.4830315906,-3.425311032578815e-05
2021-01-25 00:00:00+00:00,999565.1152174777,4.3653074623950516e-05
2021-01-26 00:00:00+00:00,999525.9791650742,-3.915307948199054e-05
2021-01-27 00:00:00+00:00,999357.7502046643,-0.00016830874226037018
2021-01-28 00:00:00+00:00,999448.2506165507,9.055857311146553e-05
2021-01-29 00:00:00+00:00,999629.7402991191,0.00018158987466976306
2021-02-01 00:00:00+00:00,999513.0876509569,-0.00011669585593487852
2021-02-02 00:00:00+00:00,999604.2746337077,9.123140444833311e-05
2021-02-03 00:00:00+00:00,999604.2746337077,0.0
2021-02-04 00:00:00+00:00,999604.2746337077,0.0
2021-02-05 00:00:00+00:00,999604.2746337077,0.0
2021-02-08 00:00:00+00:00,999604.2746337077,0.0
2021-02-09 00:00:00+00:00,999604.2746337077,0.0
2021-02-10 00:00:00+00:00,999604.2746337077,0.0
2021-02-11 00:00:00+00:00,999604.2746337077,0.0
2021-02-12 00:00:00+00:00,999604.2746337077,0.0
2021-02-16 00:00:00+00:00,999604.2746337077,0.0
2021-02-17 00:00:00+00:00,999604.2746337077,0.0
2021-02-18 00:00:00+00:00,999604.2746337077,0.0
2021-02-19 00:00:00+00:00,999604.2746337077,0.0
2021-02-22 00:00:00+00:00,999604.2746337077,0.0
2021-02-23 00:00:00+00:00,999604.2746337077,0.0
2021-02-24 00:00:00+00:00,999604.2746337077,0.0
2021-02-25 00:00:00+00:00,999604.2746337077,0.0
2021-02-26 00:00:00+00:00,999604.2746337077,0.0
2021-03-01 00:00:00+00:00,999604.2746337077,0.0
2021-03-02 00:00:00+00:00,999604.2746337077,0.0
2021-03-03 00:00:00+00:00,999604.2746337077,0.0
2021-03-04 00:00:00+00:00,999604.2746337077,0.0
2021-03-05 00:00:00+00:00,999604.2746337077,0.0
2021-03-08 00:00:00+00:00,999604.2746337077,0.0
2021-03-09 00:00:00+00:00,999604.2746337077,0.0
2021-03-10 00:00:00+00:00,999604.2746337077,0.0
2021-03-11 00:00:00+00:00,999604.2746337077,0.0
2021-03-12 00:00:00+00:00,999604.2746337077,0.0
2021-03-15 00:00:00+00:00,999604.2746337077,0.0
2021-03-16 00:00:00+00:00,999604.2746337077,0.0
2021-03-17 00:00:00+00:00,999604.2746337077,0.0
2021-03-18 00:00:00+00:00,999604.2746337077,0.0
2021-03-19 00:00:00+00:00,999604.2746337077,0.0
2021-03-22 00:00:00+00:00,999604.2746337077,0.0
2021-03-23 00:00:00+00:00,999604.2746337077,0.0
2021-03-24 00:00:00+00:00,999604.2746337077,0.0
2021-03-25 00:00:00+00:00,999604.2746337077,0.0
2021-03-26 00:00:00+00:00,999604.2746337077,0.0
2021-03-29 00:00:00+00:00,999604.2746337077,0.0
2021-03-30 00:00:00+00:00,999604.2746337077,0.0
2021-03-31 00:00:00+00:00,999604.2746337077,0.0
2021-04-01 00:00:00+00:00,999604.2746337077,0.0
2021-04-05 00:00:00+00:00,999604.2746337077,0.0
2021-04-06 00:00:00+00:00,999604.2746337077,0.0
2021-04-07 00:00:00+00:00,999604.2746337077,0.0
2021-04-08 00:00:00+00:00,999604.2746337077,0.0
2021-04-09 00:00:00+00:00,999604.2746337077,0.0
2021-04-12 00:00:00+00:00,999604.2746337077,0.0
2021-04-13 00:00:00+00:00,999604.2746337077,0.0
2021-04-14 00:00:00+00:00,999604.2746337077,0.0
2021-04-15 00:00:00+00:00,999604.2746337077,0.0
2021-04-16 00:00:00+00:00,999604.2746337077,0.0
2021-04-19 00:00:00+00:00,999604.2746337077,0.0
2021-04-20 00:00:00+00:00,999604.2746337077,0.0
2021-04-21 00:00:00+00:00,999604.2746337077,0.0
2021-04-22 00:00:00+00:00,999604.2746337077,0.0
2021-04-23 00:00:00+00:00,999604.2746337077,0.0
2021-04-26 00:00:00+00:00,999604.2746337077,0.0
2021-04-27 00:00:00+00:00,999604.2746337077,0.0
2021-04-28 00:00:00+00:00,999604.2746337077,0.0
2021-04-29 00:00:00+00:00,999604.2746337077,0.0
2021-04-30 00:00:00+00:00,999604.2746337077,0.0
2021-05-03 00:00:00+00:00,999604.2746337077,0.0
2021-05-04 00:00:00+00:00,999604.2746337077,0.0
2021-05-05 00:00:00+00:00,999604.2746337077,0.0
2021-05-06 00:00:00+00:00,999604.2746337077,0.0
2021-05-07 00:00:00+00:00,999604.2746337077,0.0
2021-05-10 00:00:00+00:00,999604.2746337077,0.0
2021-05-11 00:00:00+00:00,999604.2746337077,0.0
2021-05-12 00:00:00+00:00,999604.2746337077,0.0
2021-05-13 00:00:00+00:00,999594.122497939,-1.0156154816809426e-05
2021-05-14 00:00:00+00:00,999669.8927755544,7.580104355353612e-05
2021-05-17 00:00:00+00:00,999600.0058070968,-6.9910046268995e-05
2021-05-18 00:00:00+00:00,999718.6851094268,0.00011872679235747086
2021-05-19 00:00:00+00:00,999675.789963057,-4.2907216808774074e-05
2021-05-20 00:00:00+00:00,999646.940211271,-2.8859108198497907e-05
2021-05-21 00:00:00+00:00,999623.6474626767,-2.330097523173258e-05
2021-05-24 00:00:00+00:00,999677.8106260907,5.418355553254983e-05
2021-05-25 00:00:00+00:00,999657.0750299827,-2.0742279049912327e-05
2021-05-26 00:00:00+00:00,999663.2643821235,6.191475352190778e-06
2021-05-27 00:00:00+00:00,999679.876401239,1.661761485838298e-05
2021-05-28 00:00:00+00:00,999691.3196211465,1.1446884325305717e-05
2021-06-01 00:00:00+00:00,999658.2547492465,-3.307508152872174e-05
2021-06-02 00:00:00+00:00,999644.3096204587,-1.3949896098486292e-05
2021-06-03 00:00:00+00:00,999678.2322220317,3.39346718092326e-05
2021-06-04 00:00:00+00:00,999625.2501866983,-5.299908873246384e-05
2021-06-07 00:00:00+00:00,999700.4986025767,7.527662577988536e-05
2021-06-08 00:00:00+00:00,999652.4251849536,-4.808781999232625e-05
2021-06-09 00:00:00+00:00,999679.6874099551,2.7271703958886562e-05
2021-06-10 00:00:00+00:00,999515.3530290645,-0.00016438703612786654
2021-06-11 00:00:00+00:00,999488.5806778696,-2.6785332625234304e-05
2021-06-14 00:00:00+00:00,999488.5806778696,0.0
2021-06-15 00:00:00+00:00,999488.5806778696,0.0
2021-06-16 00:00:00+00:00,999480.5847692243,-7.999999999896978e-06
2021-06-17 00:00:00+00:00,999463.7204488562,-1.6873084505153457e-05
2021-06-18 00:00:00+00:00,999350.5925451628,-0.00011318860442743883
2021-06-21 00:00:00+00:00,999360.0504778993,9.464078779775065e-06
2021-06-22 00:00:00+00:00,999365.0465954862,4.999316897347228e-06
2021-06-23 00:00:00+00:00,999360.2792257773,-4.770398689846189e-06
2021-06-24 00:00:00+00:00,999338.7169984066,-2.1576030005299174e-05
2021-06-25 00:00:00+00:00,999372.1089461286,3.341404386136837e-05
2021-06-28 00:00:00+00:00,999357.9194144912,-1.4198446715130153e-05
2021-06-29 00:00:00+00:00,999392.2408834975,3.434352031406185e-05
2021-06-30 00:00:00+00:00,999363.8187054396,-2.8439462400497995e-05
2021-07-01 00:00:00+00:00,999363.8187054396,0.0
2021-07-02 00:00:00+00:00,999363.8187054396,0.0
2021-07-06 00:00:00+00:00,999363.8187054396,0.0
2021-07-07 00:00:00+00:00,999363.8187054396,0.0
2021-07-08 00:00:00+00:00,999363.8187054396,0.0
2021-07-09 00:00:00+00:00,999355.82379489,-8.000000000008e-06
2021-07-12 00:00:00+00:00,999351.5639692863,-4.262571450808217e-06
2021-07-13 00:00:00+00:00,999352.3989264857,8.354989671222057e-07
2021-07-14 00:00:00+00:00,999351.9268245178,-4.724078997986325e-07
2021-07-15 00:00:00+00:00,999398.5827745239,4.668620608394569e-05
2021-07-16 00:00:00+00:00,999358.4269843558,-4.0179955085206664e-05
2021-07-19 00:00:00+00:00,999356.019675463,-2.4088543487676972e-06
2021-07-20 00:00:00+00:00,999368.1896947704,1.2177861610673801e-05
2021-07-21 00:00:00+00:00,999357.9010351582,-1.0295164203033558e-05
2021-07-22 00:00:00+00:00,999359.1394165577,1.2391770738418018e-06
2021-07-23 00:00:00+00:00,999364.4628245874,5.326821779672031e-06
2021-07-26 00:00:00+00:00,999377.5996817072,1.3145211390286349e-05
2021-07-27 00:00:00+00:00,999346.3747702849,-3.124435792067892e-05
2021-07-28 00:00:00+00:00,999349.0419387341,2.6689129180024196e-06
2021-07-29 00:00:00+00:00,999400.5015986337,5.1493179800132793e-05
2021-07-30 00:00:00+00:00,999365.7007568944,-3.482171730317951e-05
2021-08-02 00:00:00+00:00,999365.7007568944,0.0
2021-08-03 00:00:00+00:00,999365.7007568944,0.0
2021-08-04 00:00:00+00:00,999365.7007568944,0.0
2021-08-05 00:00:00+00:00,999365.7007568944,0.0
2021-08-06 00:00:00+00:00,999365.7007568944,0.0
2021-08-09 00:00:00+00:00,999365.7007568944,0.0
2021-08-10 00:00:00+00:00,999365.7007568944,0.0
2021-08-11 00:00:00+00:00,999365.7007568944,0.0
2021-08-12 00:00:00+00:00,999365.7007568944,0.0
2021-08-13 00:00:00+00:00,999365.7007568944,0.0
2021-08-16 00:00:00+00:00,999365.7007568944,0.0
2021-08-17 00:00:00+00:00,999365.7007568944,0.0
2021-08-18 00:00:00+00:00,999365.7007568944,0.0
2021-08-19 00:00:00+00:00,999365.7007568944,0.0
2021-08-20 00:00:00+00:00,999365.7007568944,0.0
2021-08-23 00:00:00+00:00,999365.7007568944,0.0
2021-08-24 00:00:00+00:00,999365.7007568944,0.0
2021-08-25 00:00:00+00:00,999365.7007568944,0.0
2021-08-26 00:00:00+00:00,999365.7007568944,0.0
2021-08-27 00:00:00+00:00,999365.7007568944,0.0
2021-08-30 00:00:00+00:00,999365.7007568944,0.0
2021-08-31 00:00:00+00:00,999365.7007568944,0.0
2021-09-01 00:00:00+00:00,999365.7007568944,0.0
2021-09-02 00:00:00+00:00,999365.7007568944,0.0
2021-09-03 00:00:00+00:00,999365.7007568944,0.0
2021-09-07 00:00:00+00:00,999365.7007568944,0.0
2021-09-08 00:00:00+00:00,999365.7007568944,0.0
2021-09-09 00:00:00+00:00,999365.7007568944,0.0
2021-09-10 00:00:00+00:00,999365.7007568944,0.0
2021-09-13 00:00:00+00:00,999365.7007568944,0.0
2021-09-14 00:00:00+00:00,999365.7007568944,0.0
2021-09-15 00:00:00+00:00,999365.7007568944,0.0
2021-09-16 00:00:00+00:00,999365.7007568944,0.0
2021-09-17 00:00:00+00:00,999365.7007568944,0.0
2021-09-20 00:00:00+00:00,999365.7007568944,0.0
2021-09-21 00:00:00+00:00,999357.7058312884,-8.000000000008e-06
2021-09-22 00:00:00+00:00,999395.0143092816,3.7332456412242365e-05
2021-09-23 00:00:00+00:00,999340.6519729538,-5.439524467243384e-05
2021-09-24 00:00:00+00:00,999535.5587353724,0.0001950353585975506
2021-09-27 00:00:00+00:00,999495.8166238238,-3.976057800170185e-05
2021-09-28 00:00:00+00:00,999586.7536803493,9.098292860554302e-05
2021-09-29 00:00:00+00:00,999487.2845958773,-9.951020669873856e-05
2021-09-30 00:00:00+00:00,999502.5946081064,1.531786593500506e-05
2021-10-01 00:00:00+00:00,999502.5946081064,0.0
2021-10-04 00:00:00+00:00,999502.5946081064,0.0
2021-10-05 00:00:00+00:00,999502.5946081064,0.0
2021-10-06 00:00:00+00:00,999502.5946081064,0.0
2021-10-07 00:00:00+00:00,999502.5946081064,0.0
2021-10-08 00:00:00+00:00,999502.5946081064,0.0
2021-10-11 00:00:00+00:00,999502.5946081064,0.0
2021-10-12 00:00:00+00:00,999502.5946081064,0.0
2021-10-13 00:00:00+00:00,999502.5946081064,0.0
2021-10-14 00:00:00+00:00,999502.5946081064,0.0
2021-10-15 00:00:00+00:00,999502.5946081064,0.0
2021-10-18 00:00:00+00:00,999502.5946081064,0.0
2021-10-19 00:00:00+00:00,999502.5946081064,0.0
2021-10-20 00:00:00+00:00,999502.5946081064,0.0
2021-10-21 00:00:00+00:00,999502.5946081064,0.0
2021-10-22 00:00:00+00:00,999502.5946081064,0.0
2021-10-25 00:00:00+00:00,999502.5946081064,0.0
2021-10-26 00:00:00+00:00,999502.5946081064,0.0
2021-10-27 00:00:00+00:00,999502.5946081064,0.0
2021-10-28 00:00:00+00:00,999502.5946081064,0.0
2021-10-29 00:00:00+00:00,999502.5946081064,0.0
2021-11-01 00:00:00+00:00,999502.5946081064,0.0
2021-11-02 00:00:00+00:00,999502.5946081064,0.0
2021-11-03 00:00:00+00:00,999502.5946081064,0.0
2021-11-04 00:00:00+00:00,999502.5946081064,0.0
2021-11-05 00:00:00+00:00,999502.5946081064,0.0
2021-11-08 00:00:00+00:00,999502.5946081064,0.0
2021-11-09 00:00:00+00:00,999502.5946081064,0.0
2021-11-10 00:00:00+00:00,999502.5946081064,0.0
2021-11-11 00:00:00+00:00,999502.5946081064,0.0
2021-11-12 00:00:00+00:00,999502.5946081064,0.0
2021-11-15 00:00:00+00:00,999502.5946081064,0.0
2021-11-16 00:00:00+00:00,999502.5946081064,0.0
2021-11-17 00:00:00+00:00,999502.5946081064,0.0
2021-11-18 00:00:00+00:00,999502.5946081064,0.0
2021-11-19 00:00:00+00:00,999502.5946081064,0.0
2021-11-22 00:00:00+00:00,999502.5946081064,0.0
2021-11-23 00:00:00+00:00,999502.5946081064,0.0
2021-11-24 00:00:00+00:00,999502.5946081064,0.0
2021-11-26 00:00:00+00:00,999502.5946081064,0.0
2021-11-29 00:00:00+00:00,999502.5946081064,0.0
2021-11-30 00:00:00+00:00,999502.5946081064,0.0
2021-12-01 00:00:00+00:00,999502.5946081064,0.0
2021-12-02 00:00:00+00:00,999502.5946081064,0.0
2021-12-03 00:00:00+00:00,999502.5946081064,0.0
2021-12-06 00:00:00+00:00,999502.5946081064,0.0
2021-12-07 00:00:00+00:00,999502.5946081064,0.0
2021-12-08 00:00:00+00:00,999502.5946081064,0.0
2021-12-09 00:00:00+00:00,999502.5946081064,0.0
2021-12-10 00:00:00+00:00,999502.5946081064,0.0
2021-12-13 00:00:00+00:00,999502.5946081064,0.0
2021-12-14 00:00:00+00:00,999502.5946081064,0.0
2021-12-15 00:00:00+00:00,999502.5946081064,0.0
2021-12-16 00:00:00+00:00,999502.5946081064,0.0
2021-12-17 00:00:00+00:00,999502.5946081064,0.0
2021-12-20 00:00:00+00:00,999502.5946081064,0.0
2021-12-21 00:00:00+00:00,999502.5946081064,0.0
2021-12-22 00:00:00+00:00,999502.5946081064,0.0
2021-12-23 00:00:00+00:00,999502.5946081064,0.0
2021-12-27 00:00:00+00:00,999502.5946081064,0.0
2021-12-28 00:00:00+00:00,999502.5946081064,0.0
2021-12-29 00:00:00+00:00,999502.5946081064,0.0
2021-12-30 00:00:00+00:00,999502.5946081064,0.0
2021-12-31 00:00:00+00:00,999494.5985873495,-8.000000000008e-06
2022-01-03 00:00:00+00:00,999494.5985873495,0.0
2022-01-04 00:00:00+00:00,999494.5985873495,0.0
2022-01-05 00:00:00+00:00,999478.5073557834,-1.609936820956559e-05
2022-01-06 00:00:00+00:00,999492.0703258024,1.3570046698552218e-05
2022-01-07 00:00:00+00:00,999507.852304047,1.578999845341933e-05
2022-01-10 00:00:00+00:00,999552.4213451298,4.459098643416759e-05
2022-01-11 00:00:00+00:00,999513.9961848934,-3.844236621897146e-05
2022-01-12 00:00:00+00:00,999547.320366087,3.3340384747893026e-05
2022-01-13 00:00:00+00:00,999541.2107336929,-6.112399352886655e-06
2022-01-14 00:00:00+00:00,999453.6272397804,-8.762369472303799e-05
2022-01-18 00:00:00+00:00,999529.8347095186,7.624913018600132e-05
2022-01-19 00:00:00+00:00,999516.2463810713,-1.3594720212894984e-05
2022-01-20 00:00:00+00:00,999484.0089688477,-3.225301473619435e-05
2022-01-21 00:00:00+00:00,999640.6029093717,0.00015667478330705364
2022-01-24 00:00:00+00:00,999640.6029093717,0.0
2022-01-25 00:00:00+00:00,999640.6029093717,0.0
2022-01-26 00:00:00+00:00,999640.6029093717,0.0
2022-01-27 00:00:00+00:00,999640.6029093717,0.0
2022-01-28 00:00:00+00:00,999640.6029093717,0.0
2022-01-31 00:00:00+00:00,999640.6029093717,0.0
2022-02-01 00:00:00+00:00,999640.6029093717,0.0
2022-02-02 00:00:00+00:00,999640.6029093717,0.0
2022-02-03 00:00:00+00:00,999640.6029093717,0.0
2022-02-04 00:00:00+00:00,999640.6029093717,0.0
2022-02-07 00:00:00+00:00,999640.6029093717,0.0
2022-02-08 00:00:00+00:00,999640.6029093717,0.0
2022-02-09 00:00:00+00:00,999640.6029093717,0.0
2022-02-10 00:00:00+00:00,999640.6029093717,0.0
2022-02-11 00:00:00+00:00,999640.6029093717,0.0
2022-02-14 00:00:00+00:00,999640.6029093717,0.0
2022-02-15 00:00:00+00:00,999640.6029093717,0.0
2022-02-16 00:00:00+00:00,999640.6029093717,0.0
2022-02-17 00:00:00+00:00,999640.6029093717,0.0
2022-02-18 00:00:00+00:00,999640.6029093717,0.0
2022-02-22 00:00:00+00:00,999640.6029093717,0.0
2022-02-23 00:00:00+00:00,999640.6029093717,0.0
2022-02-24 00:00:00+00:00,999640.6029093717,0.0
2022-02-25 00:00:00+00:00,999640.6029093717,0.0
2022-02-28 00:00:00+00:00,999640.6029093717,0.0
2022-03-01 00:00:00+00:00,999640.6029093717,0.0
2022-03-02 00:00:00+00:00,999640.6029093717,0.0
2022-03-03 00:00:00+00:00,999640.6029093717,0.0
2022-03-04 00:00:00+00:00,999640.6029093717,0.0
2022-03-07 00:00:00+00:00,999640.6029093717,0.0
2022-03-08 00:00:00+00:00,999640.6029093717,0.0
2022-03-09 00:00:00+00:00,999640.6029093717,0.0
2022-03-10 00:00:00+00:00,999640.6029093717,0.0
2022-03-11 00:00:00+00:00,999640.6029093717,0.0
2022-03-14 00:00:00+00:00,999640.6029093717,0.0
2022-03-15 00:00:00+00:00,999640.6029093717,0.0
2022-03-16 00:00:00+00:00,999640.6029093717,0.0
2022-03-17 00:00:00+00:00,999640.6029093717,0.0
2022-03-18 00:00:00+00:00,999640.6029093717,0.0
2022-03-21 00:00:00+00:00,999640.6029093717,0.0
2022-03-22 00:00:00+00:00,999640.6029093717,0.0
2022-03-23 00:00:00+00:00,999640.6029093717,0.0
2022-03-24 00:00:00+00:00,999640.6029093717,0.0
2022-03-25 00:00:00+00:00,999640.6029093717,0.0
2022-03-28 00:00:00+00:00,999640.6029093717,0.0
2022-03-29 00:00:00+00:00,999640.6029093717,0.0
2022-03-30 00:00:00+00:00,999640.6029093717,0.0
2022-03-31 00:00:00+00:00,999640.6029093717,0.0
2022-04-01 00:00:00+00:00,999640.6029093717,0.0
2022-04-04 00:00:00+00:00,999640.6029093717,0.0
2022-04-05 00:00:00+00:00,999640.6029093717,0.0
2022-04-06 00:00:00+00:00,999640.6029093717,0.0
2022-04-07 00:00:00+00:00,999640.6029093717,0.0
2022-04-08 00:00:00+00:00,999640.6029093717,0.0
2022-04-11 00:00:00+00:00,999640.6029093717,0.0
2022-04-12 00:00:00+00:00,999640.6029093717,0.0
2022-04-13 00:00:00+00:00,999640.6029093717,0.0
2022-04-14 00:00:00+00:00,999640.6029093717,0.0
2022-04-18 00:00:00+00:00,999640.6029093717,0.0
2022-04-19 00:00:00+00:00,999640.6029093717,0.0
2022-04-20 00:00:00+00:00,999640.6029093717,0.0
2022-04-21 00:00:00+00:00,999640.6029093717,0.0
2022-04-22 00:00:00+00:00,999640.6029093717,0.0
2022-04-25 00:00:00+00:00,999640.6029093717,0.0
2022-04-26 00:00:00+00:00,999640.6029093717,0.0
2022-04-27 00:00:00+00:00,999640.6029093717,0.0
2022-04-28 00:00:00+00:00,999640.6029093717,0.0
2022-04-29 00:00:00+00:00,999640.6029093717,0.0
2022-05-02 00:00:00+00:00,999640.6029093717,0.0
2022-05-03 00:00:00+00:00,999640.6029093717,0.0
2022-05-04 00:00:00+00:00,999640.6029093717,0.0
2022-05-05 00:00:00+00:00,999640.6029093717,0.0
2022-05-06 00:00:00+00:00,999640.6029093717,0.0
2022-05-09 00:00:00+00:00,999640.6029093717,0.0
2022-05-10 00:00:00+00:00,999640.6029093717,0.0
2022-05-11 00:00:00+00:00,999640.6029093717,0.0
2022-05-12 00:00:00+00:00,999640.6029093717,0.0
2022-05-13 00:00:00+00:00,999640.6029093717,0.0
2022-05-16 00:00:00+00:00,999640.6029093717,0.0
2022-05-17 00:00:00+00:00,999640.6029093717,0.0
2022-05-18 00:00:00+00:00,999640.6029093717,0.0
2022-05-19 00:00:00+00:00,999640.6029093717,0.0
2022-05-20 00:00:00+00:00,999640.6029093717,0.0
2022-05-23 00:00:00+00:00,999640.6029093717,0.0
2022-05-24 00:00:00+00:00,999640.6029093717,0.0
2022-05-25 00:00:00+00:00,999640.6029093717,0.0
2022-05-26 00:00:00+00:00,999640.6029093717,0.0
2022-05-27 00:00:00+00:00,999640.6029093717,0.0
2022-05-31 00:00:00+00:00,999640.6029093717,0.0
2022-06-01 00:00:00+00:00,999640.6029093717,0.0
2022-06-02 00:00:00+00:00,999640.6029093717,0.0
2022-06-03 00:00:00+00:00,999640.6029093717,0.0
2022-06-06 00:00:00+00:00,999640.6029093717,0.0
2022-06-07 00:00:00+00:00,999640.6029093717,0.0
2022-06-08 00:00:00+00:00,999640.6029093717,0.0
2022-06-09 00:00:00+00:00,999640.6029093717,0.0
2022-06-10 00:00:00+00:00,999640.6029093717,0.0
2022-06-13 00:00:00+00:00,999640.6029093717,0.0
2022-06-14 00:00:00+00:00,999632.6057845484,-8.000000000008e-06
2022-06-15 00:00:00+00:00,999731.8005769138,9.923124935240502e-05
2022-06-16 00:00:00+00:00,999646.1679915446,-8.565555814044057e-05
2022-06-17 00:00:00+00:00,999910.1687960839,0.0002640942495379939
2022-06-21 00:00:00+00:00,999951.1768512528,4.101173930282087e-05
2022-06-22 00:00:00+00:00,999906.0218184538,-4.515723751752354e-05
2022-06-23 00:00:00+00:00,999886.5503641237,-1.9473284394000423e-05
2022-06-24 00:00:00+00:00,999844.1688928887,-4.238627994301858e-05
2022-06-27 00:00:00+00:00,999908.019545505,6.386060408503091e-05
2022-06-28 00:00:00+00:00,999912.9535942241,4.934502596753987e-06
2022-06-29 00:00:00+00:00,999899.946746495,-1.300798002701331e-05
2022-06-30 00:00:00+00:00,999784.2896889617,-0.00011566863055612053
2022-07-01 00:00:00+00:00,999784.2896889617,0.0
2022-07-05 00:00:00+00:00,999784.2896889617,0.0
2022-07-06 00:00:00+00:00,999784.2896889617,0.0
2022-07-07 00:00:00+00:00,999784.2896889617,0.0
2022-07-08 00:00:00+00:00,999784.2896889617,0.0
2022-07-11 00:00:00+00:00,999784.2896889617,0.0
2022-07-12 00:00:00+00:00,999784.2896889617,0.0
2022-07-13 00:00:00+00:00,999784.2896889617,0.0
2022-07-14 00:00:00+00:00,999784.2896889617,0.0
2022-07-15 00:00:00+00:00,999784.2896889617,0.0
2022-07-18 00:00:00+00:00,999784.2896889617,0.0
2022-07-19 00:00:00+00:00,999784.2896889617,0.0
2022-07-20 00:00:00+00:00,999784.2896889617,0.0
2022-07-21 00:00:00+00:00,999784.2896889617,0.0
2022-07-22 00:00:00+00:00,999784.2896889617,0.0
2022-07-25 00:00:00+00:00,999759.2950817195,-2.4999999999941735e-05
2022-07-26 00:00:00+00:00,999765.9280340673,6.6345493163755265e-06
2022-07-27 00:00:00+00:00,999777.5625845357,1.1637274428100142e-05
2022-07-28 00:00:00+00:00,999783.8503673247,6.2891817382837445e-06
2022-07-29 00:00:00+00:00,999910.9768599253,0.00012715397688611851
2022-08-01 00:00:00+00:00,999872.1181606608,-3.8862158895924814e-05
2022-08-02 00:00:00+00:00,999891.1531336692,1.903740754705119e-05
2022-08-03 00:00:00+00:00,999815.8060754696,-7.535526038349172e-05
2022-08-04 00:00:00+00:00,999777.0965976302,-3.8716609203626184e-05
2022-08-05 00:00:00+00:00,999830.0140354239,5.292923590038967e-05
2022-08-08 00:00:00+00:00,999820.5279619419,-9.487686255416072e-06
2022-08-09 00:00:00+00:00,999820.5279619419,0.0
2022-08-10 00:00:00+00:00,999820.5279619419,0.0
2022-08-11 00:00:00+00:00,999820.5279619419,0.0
2022-08-12 00:00:00+00:00,999820.5279619419,0.0
2022-08-15 00:00:00+00:00,999820.5279619419,0.0
2022-08-16 00:00:00+00:00,999820.5279619419,0.0
2022-08-17 00:00:00+00:00,999820.5279619419,0.0
2022-08-18 00:00:00+00:00,999820.5279619419,0.0
2022-08-19 00:00:00+00:00,999820.5279619419,0.0
2022-08-22 00:00:00+00:00,999820.5279619419,0.0
2022-08-23 00:00:00+00:00,999820.5279619419,0.0
2022-08-24 00:00:00+00:00,999820.5279619419,0.0
2022-08-25 00:00:00+00:00,999820.5279619419,0.0
2022-08-26 00:00:00+00:00,999820.5279619419,0.0
2022-08-29 00:00:00+00:00,999820.5279619419,0.0
2022-08-30 00:00:00+00:00,999820.5279619419,0.0
2022-08-31 00:00:00+00:00,999820.5279619419,0.0
2022-09-01 00:00:00+00:00,999820.5279619419,0.0
2022-09-02 00:00:00+00:00,999820.5279619419,0.0
2022-09-06 00:00:00+00:00,999820.5279619419,0.0
2022-09-07 00:00:00+00:00,999820.5279619419,0.0
2022-09-08 00:00:00+00:00,999820.5279619419,0.0
2022-09-09 00:00:00+00:00,999820.5279619419,0.0
2022-09-12 00:00:00+00:00,999820.5279619419,0.0
2022-09-13 00:00:00+00:00,999820.5279619419,0.0
2022-09-14 00:00:00+00:00,999820.5279619419,0.0
2022-09-15 00:00:00+00:00,999820.5279619419,0.0
2022-09-16 00:00:00+00:00,999820.5279619419,0.0
2022-09-19 00:00:00+00:00,999820.5279619419,0.0
2022-09-20 00:00:00+00:00,999820.5279619419,0.0
2022-09-21 00:00:00+00:00,999820.5279619419,0.0
2022-09-22 00:00:00+00:00,999795.5324487429,-2.4999999999941735e-05
2022-09-23 00:00:00+00:00,999678.5972448179,-0.00011695911826947736
2022-09-26 00:00:00+00:00,1000419.1060323162,0.0007407468655817873
2022-09-27 00:00:00+00:00,1000387.7721330782,-3.132077251333243e-05
2022-09-28 00:00:00+00:00,1000457.3102265772,6.951113901632056e-05
2022-09-29 00:00:00+00:00,1000399.7989358675,-5.74850022303508e-05
2022-09-30 00:00:00+00:00,1000429.9997031349,3.0188697858202218e-05
2022-10-03 00:00:00+00:00,1000429.999703135,2.220446049250313e-16
2022-10-04 00:00:00+00:00,1000429.999703135,0.0
2022-10-05 00:00:00+00:00,1000429.999703135,0.0
2022-10-06 00:00:00+00:00,1000429.999703135,0.0
2022-10-07 00:00:00+00:00,1000429.999703135,0.0
2022-10-10 00:00:00+00:00,1000429.999703135,0.0
2022-10-11 00:00:00+00:00,1000429.999703135,0.0
2022-10-12 00:00:00+00:00,1000429.999703135,0.0
2022-10-13 00:00:00+00:00,1000429.999703135,0.0
2022-10-14 00:00:00+00:00,1000429.999703135,0.0
2022-10-17 00:00:00+00:00,1000429.999703135,0.0
2022-10-18 00:00:00+00:00,1000429.999703135,0.0
2022-10-19 00:00:00+00:00,1000429.999703135,0.0
2022-10-20 00:00:00+00:00,1000429.999703135,0.0
2022-10-21 00:00:00+00:00,1000429.999703135,0.0
2022-10-24 00:00:00+00:00,1000404.9889531424,-2.4999999999941735e-05
2022-10-25 00:00:00+00:00,1000606.1179569992,0.00020104758180705673
2022-10-26 00:00:00+00:00,1000514.2555515165,-9.180675975706265e-05
2022-10-27 00:00:00+00:00,1000475.8544233451,-3.838139032841248e-05
2022-10-28 00:00:00+00:00,1000463.7015688707,-1.214707423535799e-05
2022-10-31 00:00:00+00:00,1000352.794339482,-0.00011085582536862759
2022-11-01 00:00:00+00:00,1000566.001039833,0.00021313150876101083
2022-11-02 00:00:00+00:00,1000361.4778634014,-0.00020440748158445654
2022-11-03 00:00:00+00:00,1000481.0466594705,0.00011952559021422005
2022-11-04 00:00:00+00:00,1000280.2405919237,-0.00020070951690420724
2022-11-07 00:00:00+00:00,1000378.5914675001,9.832332139048106e-05
2022-11-08 00:00:00+00:00,1000378.5914675001,0.0
2022-11-09 00:00:00+00:00,1000378.5914675001,0.0
2022-11-10 00:00:00+00:00,1000378.5914675001,0.0
2022-11-11 00:00:00+00:00,1000378.5914675001,0.0
2022-11-14 00:00:00+00:00,1000378.5914675001,0.0
2022-11-15 00:00:00+00:00,1000378.5914675001,0.0
2022-11-16 00:00:00+00:00,1000378.5914675001,0.0
2022-11-17 00:00:00+00:00,1000378.5914675001,0.0
2022-11-18 00:00:00+00:00,1000378.5914675001,0.0
2022-11-21 00:00:00+00:00,1000378.5914675001,0.0
2022-11-22 00:00:00+00:00,1000378.5914675001,0.0
2022-11-23 00:00:00+00:00,1000378.5914675001,0.0
2022-11-25 00:00:00+00:00,1000378.5914675001,0.0
2022-11-28 00:00:00+00:00,1000378.5914675001,0.0
2022-11-29 00:00:00+00:00,1000378.5914675001,0.0
2022-11-30 00:00:00+00:00,1000378.5914675001,0.0
2022-12-01 00:00:00+00:00,1000378.5914675001,0.0
2022-12-02 00:00:00+00:00,1000378.5914675001,0.0
2022-12-05 00:00:00+00:00,1000378.5914675001,0.0
2022-12-06 00:00:00+00:00,1000378.5914675001,0.0
2022-12-07 00:00:00+00:00,1000378.5914675001,0.0
2022-12-08 00:00:00+00:00,1000378.5914675001,0.0
2022-12-09 00:00:00+00:00,1000378.5914675001,0.0
2022-12-12 00:00:00+00:00,1000378.5914675001,0.0
2022-12-13 00:00:00+00:00,1000378.5914675001,0.0
2022-12-14 00:00:00+00:00,1000378.5914675001,0.0
2022-12-15 00:00:00+00:00,1000378.5914675001,0.0
2022-12-16 00:00:00+00:00,1000378.5914675001,0.0
2022-12-19 00:00:00+00:00,1000378.5914675001,0.0
2022-12-20 00:00:00+00:00,1000378.5914675001,0.0
2022-12-21 00:00:00+00:00,1000378.5914675001,0.0
2022-12-22 00:00:00+00:00,1000378.5914675001,0.0
2022-12-23 00:00:00+00:00,1000378.5914675001,0.0
2022-12-27 00:00:00+00:00,1000367.5455201546,-1.1041767026709337e-05
2022-12-28 00:00:00+00:00,1000382.2056422721,1.4654735835062382e-05
2022-12-29 00:00:00+00:00,1000367.0076123981,-1.5192223320581455e-05
2022-12-30 00:00:00+00:00,1000409.0171119476,4.199408739968824e-05
2023-01-03 00:00:00+00:00,1000409.0171119478,2.220446049250313e-16
2023-01-04 00:00:00+00:00,1000409.0171119478,0.0
2023-01-05 00:00:00+00:00,1000409.0171119478,0.0
2023-01-06 00:00:00+00:00,1000409.0171119478,0.0
2023-01-09 00:00:00+00:00,1000409.0171119478,0.0
2023-01-10 00:00:00+00:00,1000409.0171119478,0.0
2023-01-11 00:00:00+00:00,1000409.0171119478,0.0
2023-01-12 00:00:00+00:00,1000409.0171119478,0.0
2023-01-13 00:00:00+00:00,1000409.0171119478,0.0
2023-01-17 00:00:00+00:00,1000409.0171119478,0.0
2023-01-18 00:00:00+00:00,1000409.0171119478,0.0
2023-01-19 00:00:00+00:00,1000409.0171119478,0.0
2023-01-20 00:00:00+00:00,1000395.9294245557,-1.3082336492553637e-05
2023-01-23 00:00:00+00:00,1000349.0168617949,-4.689399604795863e-05
2023-01-24 00:00:00+00:00,1000338.2372838135,-1.0775817039454516e-05
2023-01-25 00:00:00+00:00,1000326.2449555077,-1.1988273424856644e-05
2023-01-26 00:00:00+00:00,1000201.0168042458,-0.00012518730953370305
2023-01-27 00:00:00+00:00,1000320.751748543,0.00011971088039852695
2023-01-30 00:00:00+00:00,1000361.2983697007,4.0533619928284637e-05
2023-01-31 00:00:00+00:00,1000361.8937712517,5.951865109654619e-07
2023-02-01 00:00:00+00:00,1000352.663218277,-9.22721370344437e-06
2023-02-02 00:00:00+00:00,1000317.3789841447,-3.527179506757072e-05
2023-02-03 00:00:00+00:00,1000251.5372295066,-6.58208644789271e-05
2023-02-06 00:00:00+00:00,1000251.5372295066,0.0
2023-02-07 00:00:00+00:00,1000251.5372295066,0.0
2023-02-08 00:00:00+00:00,1000251.5372295066,0.0
2023-02-09 00:00:00+00:00,1000251.5372295066,0.0
2023-02-10 00:00:00+00:00,1000251.5372295066,0.0
2023-02-13 00:00:00+00:00,1000251.5372295066,0.0
2023-02-14 00:00:00+00:00,1000251.5372295066,0.0
2023-02-15 00:00:00+00:00,1000251.5372295066,0.0
2023-02-16 00:00:00+00:00,1000251.5372295066,0.0
2023-02-17 00:00:00+00:00,1000251.5372295066,0.0
2023-02-21 00:00:00+00:00,1000251.5372295066,0.0
2023-02-22 00:00:00+00:00,1000251.5372295066,0.0
2023-02-23 00:00:00+00:00,1000251.5372295066,0.0
2023-02-24 00:00:00+00:00,1000251.5372295066,0.0
2023-02-27 00:00:00+00:00,1000251.5372295066,0.0
2023-02-28 00:00:00+00:00,1000251.5372295066,0.0
2023-03-01 00:00:00+00:00,1000251.5372295066,0.0
2023-03-02 00:00:00+00:00,1000251.5372295066,0.0
2023-03-03 00:00:00+00:00,1000251.5372295066,0.0
2023-03-06 00:00:00+00:00,1000251.5372295066,0.0
2023-03-07 00:00:00+00:00,1000251.5372295066,0.0
2023-03-08 00:00:00+00:00,1000251.5372295066,0.0
2023-03-09 00:00:00+00:00,1000251.5372295066,0.0
2023-03-10 00:00:00+00:00,1000251.5372295066,0.0
2023-03-13 00:00:00+00:00,1000251.5372295066,0.0
2023-03-14 00:00:00+00:00,1000251.5372295066,0.0
2023-03-15 00:00:00+00:00,1000251.5372295066,0.0
2023-03-16 00:00:00+00:00,1000251.5372295066,0.0
2023-03-17 00:00:00+00:00,1000251.5372295066,0.0
2023-03-20 00:00:00+00:00,1000251.5372295066,0.0
2023-03-21 00:00:00+00:00,1000243.5352172089,-7.999999999896978e-06
2023-03-22 00:00:00+00:00,1000212.7399984774,-3.078772083719983e-05
2023-03-23 00:00:00+00:00,1000366.8550602467,0.00015408228230473497
2023-03-24 00:00:00+00:00,1000392.8496553804,2.5985062382050117e-05
2023-03-27 00:00:00+00:00,1000418.1577415583,2.5298147809271754e-05
2023-03-28 00:00:00+00:00,1000423.8476513113,5.687531467790663e-06
2023-03-29 00:00:00+00:00,1000343.6764464728,-8.01372388580246e-05
2023-03-30 00:00:00+00:00,1000393.0611383544,4.93677253572411e-05
2023-03-31 00:00:00+00:00,1000373.6325432697,-1.9420961459459818e-05
2023-04-03 00:00:00+00:00,1000373.6325432698,2.220446049250313e-16
2023-04-04 00:00:00+00:00,1000373.6325432698,0.0
2023-04-05 00:00:00+00:00,1000373.6325432698,0.0
2023-04-06 00:00:00+00:00,1000373.6325432698,0.0
2023-04-10 00:00:00+00:00,1000373.6325432698,0.0
2023-04-11 00:00:00+00:00,1000373.6325432698,0.0
2023-04-12 00:00:00+00:00,1000373.6325432698,0.0
2023-04-13 00:00:00+00:00,1000373.6325432698,0.0
2023-04-14 00:00:00+00:00,1000373.6325432698,0.0
2023-04-17 00:00:00+00:00,1000373.6325432698,0.0
2023-04-18 00:00:00+00:00,1000373.6325432698,0.0
2023-04-19 00:00:00+00:00,1000373.6325432698,0.0
2023-04-20 00:00:00+00:00,1000373.6325432698,0.0
2023-04-21 00:00:00+00:00,1000373.6325432698,0.0
2023-04-24 00:00:00+00:00,1000373.6325432698,0.0
2023-04-25 00:00:00+00:00,1000373.6325432698,0.0
2023-04-26 00:00:00+00:00,1000373.6325432698,0.0
2023-04-27 00:00:00+00:00,1000373.6325432698,0.0
2023-04-28 00:00:00+00:00,1000373.6325432698,0.0
2023-05-01 00:00:00+00:00,1000373.6325432698,0.0
2023-05-02 00:00:00+00:00,1000373.6325432698,0.0
2023-05-03 00:00:00+00:00,1000373.6325432698,0.0
2023-05-04 00:00:00+00:00,1000373.6325432698,0.0
2023-05-05 00:00:00+00:00,1000348.6232024562,-2.5000000000052758e-05
2023-05-08 00:00:00+00:00,1000378.4261077055,2.979251888590717e-05
2023-05-09 00:00:00+00:00,1000256.3725408735,-0.00012200739604795174
2023-05-10 00:00:00+00:00,1000241.3695300372,-1.4999165462104003e-05
2023-05-11 00:00:00+00:00,1000260.8201608434,1.944593714964249e-05
2023-05-12 00:00:00+00:00,1000344.6612606539,8.381923806322078e-05
2023-05-15 00:00:00+00:00,1000339.1112910963,-5.548057357085412e-06
2023-05-16 00:00:00+00:00,1000293.3899598964,-4.5705831836273525e-05
2023-05-17 00:00:00+00:00,1000263.1337403797,-3.0247345249367896e-05
2023-05-18 00:00:00+00:00,1000352.4717973862,8.931455533356392e-05
2023-05-19 00:00:00+00:00,1000118.9229834486,-0.00023346652357236763
2023-05-22 00:00:00+00:00,999947.9116953956,-0.00017099095329864422
2023-05-23 00:00:00+00:00,1000178.9526731741,0.00023105301293813163
2023-05-24 00:00:00+00:00,1000272.2026617026,9.323330417942977e-05
2023-05-25 00:00:00+00:00,1000376.4098074336,0.00010417878798762992
2023-05-26 00:00:00+00:00,1000152.2021523324,-0.00022412329289567268
2023-05-30 00:00:00+00:00,1000309.6233114913,0.0001573972029658144
2023-05-31 00:00:00+00:00,1000076.9281137274,-0.0002326231722070693
2023-06-01 00:00:00+00:00,1000293.5829549129,0.0002166381756192326
2023-06-02 00:00:00+00:00,1000293.5829549129,0.0
2023-06-05 00:00:00+00:00,1000293.5829549129,0.0
2023-06-06 00:00:00+00:00,1000293.5829549129,0.0
2023-06-07 00:00:00+00:00,1000293.5829549129,0.0
2023-06-08 00:00:00+00:00,1000293.5829549129,0.0
2023-06-09 00:00:00+00:00,1000293.5829549129,0.0
2023-06-12 00:00:00+00:00,1000293.5829549129,0.0
2023-06-13 00:00:00+00:00,1000293.5829549129,0.0
2023-06-14 00:00:00+00:00,1000293.5829549129,0.0
2023-06-15 00:00:00+00:00,1000293.5829549129,0.0
2023-06-16 00:00:00+00:00,1000293.5829549129,0.0
2023-06-20 00:00:00+00:00,1000293.5829549129,0.0
2023-06-21 00:00:00+00:00,1000293.5829549129,0.0
2023-06-22 00:00:00+00:00,1000293.5829549129,0.0
2023-06-23 00:00:00+00:00,1000293.5829549129,0.0
2023-06-26 00:00:00+00:00,1000293.5829549129,0.0
2023-06-27 00:00:00+00:00,1000293.5829549129,0.0
2023-06-28 00:00:00+00:00,1000293.5829549129,0.0
2023-06-29 00:00:00+00:00,1000293.5829549129,0.0
2023-06-30 00:00:00+00:00,1000293.5829549129,0.0
2023-07-03 00:00:00+00:00,1000293.5829549129,0.0
2023-07-05 00:00:00+00:00,1000293.5829549129,0.0
2023-07-06 00:00:00+00:00,1000293.5829549129,0.0
2023-07-07 00:00:00+00:00,1000293.5829549129,0.0
2023-07-10 00:00:00+00:00,1000293.5829549129,0.0
2023-07-11 00:00:00+00:00,1000293.5829549129,0.0
2023-07-12 00:00:00+00:00,1000293.5829549129,0.0
2023-07-13 00:00:00+00:00,1000293.5829549129,0.0
2023-07-14 00:00:00+00:00,1000293.5829549129,0.0
2023-07-17 00:00:00+00:00,1000293.5829549129,0.0
2023-07-18 00:00:00+00:00,1000293.5829549129,0.0
2023-07-19 00:00:00+00:00,1000293.5829549129,0.0
2023-07-20 00:00:00+00:00,1000293.5829549129,0.0
2023-07-21 00:00:00+00:00,1000293.5829549129,0.0
2023-07-24 00:00:00+00:00,1000293.5829549129,0.0
2023-07-25 00:00:00+00:00,1000293.5829549129,0.0
2023-07-26 00:00:00+00:00,1000293.5829549129,0.0
2023-07-27 00:00:00+00:00,1000293.5829549129,0.0
2023-07-28 00:00:00+00:00,1000293.5829549129,0.0
2023-07-31 00:00:00+00:00,1000293.5829549129,0.0
2023-08-01 00:00:00+00:00,1000293.5829549129,0.0
2023-08-02 00:00:00+00:00,1000293.5829549129,0.0
2023-08-03 00:00:00+00:00,1000293.5829549129,0.0
2023-08-04 00:00:00+00:00,1000293.5829549129,0.0
2023-08-07 00:00:00+00:00,1000293.5829549129,0.0
2023-08-08 00:00:00+00:00,1000293.5829549129,0.0
2023-08-09 00:00:00+00:00,1000293.5829549129,0.0
2023-08-10 00:00:00+00:00,1000293.5829549129,0.0
2023-08-11 00:00:00+00:00,1000293.5829549129,0.0
2023-08-14 00:00:00+00:00,1000293.5829549129,0.0
2023-08-15 00:00:00+00:00,1000293.5829549129,0.0
2023-08-16 00:00:00+00:00,1000293.5829549129,0.0
2023-08-17 00:00:00+00:00,1000293.5829549129,0.0
2023-08-18 00:00:00+00:00,1000293.5829549129,0.0
2023-08-21 00:00:00+00:00,1000293.5829549129,0.0
2023-08-22 00:00:00+00:00,1000293.5829549129,0.0
2023-08-23 00:00:00+00:00,1000293.5829549129,0.0
2023-08-24 00:00:00+00:00,1000293.5829549129,0.0
2023-08-25 00:00:00+00:00,1000293.5829549129,0.0
2023-08-28 00:00:00+00:00,1000293.5829549129,0.0
2023-08-29 00:00:00+00:00,1000293.5829549129,0.0
2023-08-30 00:00:00+00:00,1000293.5829549129,0.0
2023-08-31 00:00:00+00:00,1000293.5829549129,0.0
2023-09-01 00:00:00+00:00,1000293.5829549129,0.0
2023-09-05 00:00:00+00:00,1000293.5829549129,0.0
2023-09-06 00:00:00+00:00,1000293.5829549129,0.0
2023-09-07 00:00:00+00:00,1000293.5829549129,0.0
2023-09-08 00:00:00+00:00,1000293.5829549129,0.0
2023-09-11 00:00:00+00:00,1000293.5829549129,0.0
2023-09-12 00:00:00+00:00,1000293.5829549129,0.0
2023-09-13 00:00:00+00:00,1000293.5829549129,0.0
2023-09-14 00:00:00+00:00,1000293.5829549129,0.0
2023-09-15 00:00:00+00:00,1000293.5829549129,0.0
2023-09-18 00:00:00+00:00,1000293.5829549129,0.0
2023-09-19 00:00:00+00:00,1000293.5829549129,0.0
2023-09-20 00:00:00+00:00,1000293.5829549129,0.0
2023-09-21 00:00:00+00:00,1000293.5829549129,0.0
2023-09-22 00:00:00+00:00,1000279.1051211198,-1.4473584595386946e-05
2023-09-25 00:00:00+00:00,1000341.4716232076,6.234910013458439e-05
2023-09-26 00:00:00+00:00,1000706.6253435137,0.00036502907323598954
2023-09-27 00:00:00+00:00,1000678.5170118577,-2.8088483621568905e-05
2023-09-28 00:00:00+00:00,1000686.8653084382,8.34263596005691e-06
2023-09-29 00:00:00+00:00,1000614.9307674,-7.18851656117403e-05
2023-10-02 00:00:00+00:00,1000614.9307674,0.0
2023-10-03 00:00:00+00:00,1000614.9307674,0.0
2023-10-04 00:00:00+00:00,1000614.9307674,0.0
2023-10-05 00:00:00+00:00,1000614.9307674,0.0
2023-10-06 00:00:00+00:00,1000614.9307674,0.0
2023-10-09 00:00:00+00:00,1000614.9307674,0.0
2023-10-10 00:00:00+00:00,1000614.9307674,0.0
2023-10-11 00:00:00+00:00,1000614.9307674,0.0
2023-10-12 00:00:00+00:00,1000614.9307674,0.0
2023-10-13 00:00:00+00:00,1000614.9307674,0.0
2023-10-16 00:00:00+00:00,1000606.9258479538,-8.000000000008e-06
2023-10-17 00:00:00+00:00,1000695.0589654241,8.807965964829911e-05
2023-10-18 00:00:00+00:00,1000632.471961217,-6.254353276391456e-05
2023-10-19 00:00:00+00:00,1000627.500056013,-4.9687626009209396e-06
2023-10-20 00:00:00+00:00,1000687.5914166948,6.005367699613018e-05
2023-10-23 00:00:00+00:00,1000634.2270671632,-5.332768187527037e-05
2023-10-24 00:00:00+00:00,1000604.4902797635,-2.9717939478146604e-05
2023-10-25 00:00:00+00:00,1000630.6262388437,2.612016969161246e-05
2023-10-26 00:00:00+00:00,1000463.4990061916,-0.00016702190425677
2023-10-27 00:00:00+00:00,1000673.446528042,0.00020985025646513833
2023-10-30 00:00:00+00:00,1000650.9270873477,-2.2504285261515378e-05
2023-10-31 00:00:00+00:00,1000635.6085481559,-1.5308574426109445e-05
2023-11-01 00:00:00+00:00,1000652.8774381327,1.7257920694957463e-05
2023-11-02 00:00:00+00:00,1000666.4750203468,1.3588710451761798e-05
2023-11-03 00:00:00+00:00,1000626.386480809,-4.0061839322702575e-05
2023-11-06 00:00:00+00:00,1000635.900693973,9.508257320156588e-06
2023-11-07 00:00:00+00:00,1000635.900693973,0.0
2023-11-08 00:00:00+00:00,1000635.900693973,0.0
2023-11-09 00:00:00+00:00,1000635.900693973,0.0
2023-11-10 00:00:00+00:00,1000635.900693973,0.0
2023-11-13 00:00:00+00:00,1000635.900693973,0.0
2023-11-14 00:00:00+00:00,1000635.900693973,0.0
2023-11-15 00:00:00+00:00,1000635.900693973,0.0
2023-11-16 00:00:00+00:00,1000635.900693973,0.0
2023-11-17 00:00:00+00:00,1000635.900693973,0.0
2023-11-20 00:00:00+00:00,1000635.900693973,0.0
2023-11-21 00:00:00+00:00,1000635.900693973,0.0
2023-11-22 00:00:00+00:00,1000635.900693973,0.0
2023-11-24 00:00:00+00:00,1000635.900693973,0.0
2023-11-27 00:00:00+00:00,1000635.900693973,0.0
2023-11-28 00:00:00+00:00,1000635.900693973,0.0
2023-11-29 00:00:00+00:00,1000635.900693973,0.0
2023-11-30 00:00:00+00:00,1000635.900693973,0.0
2023-12-01 00:00:00+00:00,1000635.900693973,0.0
2023-12-04 00:00:00+00:00,1000635.900693973,0.0
2023-12-05 00:00:00+00:00,1000635.900693973,0.0
2023-12-06 00:00:00+00:00,1000635.900693973,0.0
2023-12-07 00:00:00+00:00,1000635.900693973,0.0
2023-12-08 00:00:00+00:00,1000635.900693973,0.0
2023-12-11 00:00:00+00:00,1000635.900693973,0.0
2023-12-12 00:00:00+00:00,1000635.900693973,0.0
2023-12-13 00:00:00+00:00,1000635.900693973,0.0
2023-12-14 00:00:00+00:00,1000635.900693973,0.0
2023-12-15 00:00:00+00:00,1000635.900693973,0.0
2023-12-18 00:00:00+00:00,1000635.900693973,0.0
2023-12-19 00:00:00+00:00,1000635.900693973,0.0
2023-12-20 00:00:00+00:00,1000635.900693973,0.0
2023-12-21 00:00:00+00:00,1000635.900693973,0.0
2023-12-22 00:00:00+00:00,1000635.900693973,0.0
2023-12-26 00:00:00+00:00,1000635.900693973,0.0
2023-12-27 00:00:00+00:00,1000635.900693973,0.0
2023-12-28 00:00:00+00:00,1000635.900693973,0.0
2023-12-29 00:00:00+00:00,1000635.900693973,0.0
2024-01-02 00:00:00+00:00,1000635.900693973,0.0
2024-01-03 00:00:00+00:00,1000635.900693973,0.0
2024-01-04 00:00:00+00:00,1000635.900693973,0.0
2024-01-05 00:00:00+00:00,1000635.900693973,0.0
2024-01-08 00:00:00+00:00,1000635.900693973,0.0
2024-01-09 00:00:00+00:00,1000635.900693973,0.0
2024-01-10 00:00:00+00:00,1000635.900693973,0.0
2024-01-11 00:00:00+00:00,1000635.900693973,0.0
2024-01-12 00:00:00+00:00,1000635.900693973,0.0
2024-01-16 00:00:00+00:00,1000635.900693973,0.0
2024-01-17 00:00:00+00:00,1000635.900693973,0.0
2024-01-18 00:00:00+00:00,1000635.900693973,0.0
2024-01-19 00:00:00+00:00,1000635.900693973,0.0
2024-01-22 00:00:00+00:00,1000635.900693973,0.0
2024-01-23 00:00:00+00:00,1000635.900693973,0.0
2024-01-24 00:00:00+00:00,1000635.900693973,0.0
2024-01-25 00:00:00+00:00,1000635.900693973,0.0
2024-01-26 00:00:00+00:00,1000635.900693973,0.0
2024-01-29 00:00:00+00:00,1000611.7796045103,-2.4105760592751935e-05
2024-01-30 00:00:00+00:00,1000648.4526212164,3.6650594619880295e-05
2024-01-31 00:00:00+00:00,1000610.8363630552,-3.759188160712412e-05
2024-02-01 00:00:00+00:00,1000587.9489187812,-2.287347232532433e-05
2024-02-02 00:00:00+00:00,1000634.8987771446,4.692227046509956e-05
2024-02-05 00:00:00+00:00,1000534.7597680903,-0.00010007547126000826
2024-02-06 00:00:00+00:00,1000585.4677078963,5.0680837732963724e-05
2024-02-07 00:00:00+00:00,1000592.5158342518,7.044002319656073e-06
2024-02-08 00:00:00+00:00,1000563.5717921901,-2.8926902413961564e-05
2024-02-09 00:00:00+00:00,1000573.9859783257,1.0408320299859497e-05
2024-02-12 00:00:00+00:00,1000629.709405945,5.5691461501305994e-05
2024-02-13 00:00:00+00:00,1000581.1047930317,-4.8574025392711384e-05
2024-02-14 00:00:00+00:00,1000613.2492750549,3.21258135589364e-05
2024-02-15 00:00:00+00:00,1000597.3321003898,-1.5907419451677285e-05
2024-02-16 00:00:00+00:00,1000559.2536798014,-3.805568870396403e-05
2024-02-20 00:00:00+00:00,1000529.70302328,-2.9534139445175356e-05
2024-02-21 00:00:00+00:00,1000529.70302328,0.0
2024-02-22 00:00:00+00:00,1000529.70302328,0.0
2024-02-23 00:00:00+00:00,1000529.70302328,0.0
2024-02-26 00:00:00+00:00,1000529.70302328,0.0
2024-02-27 00:00:00+00:00,1000529.70302328,0.0
2024-02-28 00:00:00+00:00,1000529.70302328,0.0
2024-02-29 00:00:00+00:00,1000529.70302328,0.0
2024-03-01 00:00:00+00:00,1000529.70302328,0.0
2024-03-04 00:00:00+00:00,1000529.70302328,0.0
2024-03-05 00:00:00+00:00,1000529.70302328,0.0
2024-03-06 00:00:00+00:00,1000529.70302328,0.0
2024-03-07 00:00:00+00:00,1000529.70302328,0.0
2024-03-08 00:00:00+00:00,1000529.70302328,0.0
2024-03-11 00:00:00+00:00,1000529.70302328,0.0
2024-03-12 00:00:00+00:00,1000529.70302328,0.0
2024-03-13 00:00:00+00:00,1000529.70302328,0.0
2024-03-14 00:00:00+00:00,1000529.70302328,0.0
2024-03-15 00:00:00+00:00,1000529.70302328,0.0
2024-03-18 00:00:00+00:00,1000529.70302328,0.0
2024-03-19 00:00:00+00:00,1000529.70302328,0.0
2024-03-20 00:00:00+00:00,1000504.8334016564,-2.4856455084210083e-05
2024-03-21 00:00:00+00:00,1000053.9193537137,-0.0004506865263304016
2024-03-22 00:00:00+00:00,1000140.6956713935,8.67716390091644e-05
2024-03-25 00:00:00+00:00,1000065.6524605406,-7.503265408326243e-05
2024-03-26 00:00:00+00:00,1000038.7497578731,-2.690093655488557e-05
2024-03-27 00:00:00+00:00,1000102.0210069533,6.326879742957203e-05
2024-03-28 00:00:00+00:00,1000372.6558494809,0.00027060723490501815
2024-04-01 00:00:00+00:00,1000372.655849481,2.220446049250313e-16
2024-04-02 00:00:00+00:00,1000372.655849481,0.0
2024-04-03 00:00:00+00:00,1000372.655849481,0.0
2024-04-04 00:00:00+00:00,1000372.655849481,0.0
2024-04-05 00:00:00+00:00,1000372.655849481,0.0
2024-04-08 00:00:00+00:00,1000372.655849481,0.0
2024-04-09 00:00:00+00:00,1000372.655849481,0.0
2024-04-10 00:00:00+00:00,1000372.655849481,0.0
2024-04-11 00:00:00+00:00,1000372.655849481,0.0
2024-04-12 00:00:00+00:00,1000372.655849481,0.0
2024-04-15 00:00:00+00:00,1000372.655849481,0.0
2024-04-16 00:00:00+00:00,1000361.2099092075,-1.144167646582872e-05
2024-04-17 00:00:00+00:00,1000386.7458313474,2.5526701642242244e-05
2024-04-18 00:00:00+00:00,1000463.5020988222,7.672659378443747e-05
2024-04-19 00:00:00+00:00,1000466.5020749682,2.9985862950443476e-06
2024-04-22 00:00:00+00:00,1000403.3618765739,-6.31107570951972e-05
2024-04-23 00:00:00+00:00,1000387.5321514738,-1.5823342566889664e-05
2024-04-24 00:00:00+00:00,1000356.7329701408,-3.078725028371476e-05
2024-04-25 00:00:00+00:00,1000395.1521355936,3.840546495714747e-05
2024-04-26 00:00:00+00:00,1000286.1015719977,-0.00010900748905373625
2024-04-29 00:00:00+00:00,1000400.6292157391,0.00011449488657433449
2024-04-30 00:00:00+00:00,1000396.7280512454,-3.899602199042285e-06
2024-05-01 00:00:00+00:00,1000396.7280512454,0.0
2024-05-02 00:00:00+00:00,1000396.7280512454,0.0
2024-05-03 00:00:00+00:00,1000396.7280512454,0.0
2024-05-06 00:00:00+00:00,1000396.7280512454,0.0
2024-05-07 00:00:00+00:00,1000396.7280512454,0.0
2024-05-08 00:00:00+00:00,1000396.7280512454,0.0
2024-05-09 00:00:00+00:00,1000396.7280512454,0.0
2024-05-10 00:00:00+00:00,1000396.7280512454,0.0
2024-05-13 00:00:00+00:00,1000396.7280512454,0.0
2024-05-14 00:00:00+00:00,1000396.7280512454,0.0
2024-05-15 00:00:00+00:00,1000396.7280512454,0.0
2024-05-16 00:00:00+00:00,1000396.7280512454,0.0
2024-05-17 00:00:00+00:00,1000396.7280512454,0.0
2024-05-20 00:00:00+00:00,1000396.7280512454,0.0
2024-05-21 00:00:00+00:00,1000396.7280512454,0.0
2024-05-22 00:00:00+00:00,1000396.7280512454,0.0
2024-05-23 00:00:00+00:00,1000396.7280512454,0.0
2024-05-24 00:00:00+00:00,1000396.7280512454,0.0
2024-05-28 00:00:00+00:00,1000396.7280512454,0.0
2024-05-29 00:00:00+00:00,1000385.4180637787,-1.130550225691973e-05
2024-05-30 00:00:00+00:00,1000332.7455197191,-5.265225093098458e-05
2024-05-31 00:00:00+00:00,1000329.4239534755,-3.3204613748560874e-06
2024-06-03 00:00:00+00:00,1000331.217558672,1.7930145344013937e-06
2024-06-04 00:00:00+00:00,1000355.5805268596,2.435490141672325e-05
2024-06-05 00:00:00+00:00,1000407.877628008,5.2278511927683624e-05
2024-06-06 00:00:00+00:00,1000358.2322960641,-4.96250909794993e-05
2024-06-07 00:00:00+00:00,1000320.0617954315,-3.815683162322614e-05
2024-06-10 00:00:00+00:00,1000296.2517556119,-2.3802421573848598e-05
2024-06-11 00:00:00+00:00,1000522.7395514864,0.0002264207183393374
2024-06-12 00:00:00+00:00,1000520.9444708307,-1.7941427863377157e-06
2024-06-13 00:00:00+00:00,1000537.1866955325,1.6233767810236444e-05
2024-06-14 00:00:00+00:00,1000549.1423421392,1.1949227640473126e-05
2024-06-17 00:00:00+00:00,1000581.5136115197,3.235350270225368e-05
2024-06-18 00:00:00+00:00,1000512.3253909705,-6.914801004020976e-05
2024-06-20 00:00:00+00:00,1000531.941130378,1.9605694912216975e-05
2024-06-21 00:00:00+00:00,1000330.8085490619,-0.0002010256475060146
2024-06-24 00:00:00+00:00,1000346.2736985389,1.546003516517125e-05
2024-06-25 00:00:00+00:00,1000328.8109616191,-1.745669212638301e-05
2024-06-26 00:00:00+00:00,1000345.6561573496,1.6839658666167878e-05
2024-06-27 00:00:00+00:00,1000358.9716855995,1.3310927245990811e-05
2024-06-28 00:00:00+00:00,1000310.7362779598,-4.821809870758642e-05
2024-07-01 00:00:00+00:00,1000310.7362779598,0.0
2024-07-02 00:00:00+00:00,1000310.7362779598,0.0
2024-07-03 00:00:00+00:00,1000310.7362779598,0.0
2024-07-05 00:00:00+00:00,1000310.7362779598,0.0
2024-07-08 00:00:00+00:00,1000310.7362779598,0.0
2024-07-09 00:00:00+00:00,1000310.7362779598,0.0
2024-07-10 00:00:00+00:00,1000310.7362779598,0.0
2024-07-11 00:00:00+00:00,1000310.7362779598,0.0
2024-07-12 00:00:00+00:00,1000310.7362779598,0.0
2024-07-15 00:00:00+00:00,1000310.7362779598,0.0
2024-07-16 00:00:00+00:00,1000310.7362779598,0.0
2024-07-17 00:00:00+00:00,1000310.7362779598,0.0
2024-07-18 00:00:00+00:00,1000310.7362779598,0.0
2024-07-19 00:00:00+00:00,1000310.7362779598,0.0
2024-07-22 00:00:00+00:00,1000310.7362779598,0.0
2024-07-23 00:00:00+00:00,1000310.7362779598,0.0
2024-07-24 00:00:00+00:00,1000286.4165202631,-2.431220301324366e-05
2024-07-25 00:00:00+00:00,1000159.0258548841,-0.00012735418903531137
2024-07-26 00:00:00+00:00,1000275.2403984925,0.00011619606542989658
2024-07-29 00:00:00+00:00,1000276.3391665469,1.0984657121682062e-06
2024-07-30 00:00:00+00:00,1000179.1462181119,-9.71660976366584e-05
2024-07-31 00:00:00+00:00,1000140.9217347334,-3.821763683331536e-05
2024-08-01 00:00:00+00:00,1000301.5517153963,0.0001606073475968195
2024-08-02 00:00:00+00:00,1000369.9299995053,6.835767073609667e-05
2024-08-05 00:00:00+00:00,999957.1242875701,-0.00041265305918913864
2024-08-06 00:00:00+00:00,1000214.9368230273,0.0002578235898273995
2024-08-07 00:00:00+00:00,1000066.2048497344,-0.0001487000121846993
2024-08-08 00:00:00+00:00,1000162.1904104061,9.597920638282353e-05
2024-08-09 00:00:00+00:00,1000142.6106397464,-1.957659552365154e-05
2024-08-12 00:00:00+00:00,1000222.5363409849,7.991430460840832e-05
2024-08-13 00:00:00+00:00,1000260.3495566228,3.780480269544029e-05
2024-08-14 00:00:00+00:00,1000456.4658509061,0.00019606524878268417
2024-08-15 00:00:00+00:00,1000316.6066372289,-0.00013979540185016237
2024-08-16 00:00:00+00:00,1000316.6066372289,0.0
2024-08-19 00:00:00+00:00,1000316.6066372289,0.0
2024-08-20 00:00:00+00:00,1000316.6066372289,0.0
2024-08-21 00:00:00+00:00,1000316.6066372289,0.0
2024-08-22 00:00:00+00:00,1000316.6066372289,0.0
2024-08-23 00:00:00+00:00,1000316.6066372289,0.0
2024-08-26 00:00:00+00:00,1000316.6066372289,0.0
2024-08-27 00:00:00+00:00,1000316.6066372289,0.0
2024-08-28 00:00:00+00:00,1000316.6066372289,0.0
2024-08-29 00:00:00+00:00,1000316.6066372289,0.0
2024-08-30 00:00:00+00:00,1000316.6066372289,0.0
2024-09-03 00:00:00+00:00,1000316.6066372289,0.0
2024-09-04 00:00:00+00:00,1000316.6066372289,0.0
2024-09-05 00:00:00+00:00,1000316.6066372289,0.0
2024-09-06 00:00:00+00:00,1000316.6066372289,0.0
2024-09-09 00:00:00+00:00,1000316.6066372289,0.0
2024-09-10 00:00:00+00:00,1000316.6066372289,0.0
2024-09-11 00:00:00+00:00,1000316.6066372289,0.0
2024-09-12 00:00:00+00:00,1000316.6066372289,0.0
2024-09-13 00:00:00+00:00,1000316.6066372289,0.0
2024-09-16 00:00:00+00:00,1000316.6066372289,0.0
2024-09-17 00:00:00+00:00,1000316.6066372289,0.0
2024-09-18 00:00:00+00:00,1000316.6066372289,0.0
2024-09-19 00:00:00+00:00,1000316.6066372289,0.0
2024-09-20 00:00:00+00:00,1000316.6066372289,0.0
2024-09-23 00:00:00+00:00,1000316.6066372289,0.0
2024-09-24 00:00:00+00:00,1000316.6066372289,0.0
2024-09-25 00:00:00+00:00,1000316.6066372289,0.0
2024-09-26 00:00:00+00:00,1000316.6066372289,0.0
2024-09-27 00:00:00+00:00,1000316.6066372289,0.0
2024-09-30 00:00:00+00:00,1000316.6066372289,0.0
2024-10-01 00:00:00+00:00,1000316.6066372289,0.0
2024-10-02 00:00:00+00:00,1000316.6066372289,0.0
2024-10-03 00:00:00+00:00,1000316.6066372289,0.0
2024-10-04 00:00:00+00:00,1000316.6066372289,0.0
2024-10-07 00:00:00+00:00,1000316.6066372289,0.0
2024-10-08 00:00:00+00:00,1000316.6066372289,0.0
2024-10-09 00:00:00+00:00,1000316.6066372289,0.0
2024-10-10 00:00:00+00:00,1000316.6066372289,0.0
2024-10-11 00:00:00+00:00,1000291.598722063,-2.4999999999941735e-05
2024-10-14 00:00:00+00:00,1000391.591789129,9.996391771527335e-05
2024-10-15 00:00:00+00:00,1000576.8282207011,0.00018516392290024442
2024-10-16 00:00:00+00:00,1000181.402528694,-0.0003951977308032095
2024-10-17 00:00:00+00:00,1000477.475388834,0.0002960191615155594
2024-10-18 00:00:00+00:00,1000509.7130289373,3.2222254769731506e-05
2024-10-21 00:00:00+00:00,1000394.5250365742,-0.00011512930945412059
2024-10-22 00:00:00+00:00,1000512.0684080261,0.00011749701593744
2024-10-23 00:00:00+00:00,1000467.8659176108,-4.417986730098633e-05
2024-10-24 00:00:00+00:00,1000387.0276803229,-8.080043351899047e-05
2024-10-25 00:00:00+00:00,1000284.364836934,-0.00010262312539865981
2024-10-28 00:00:00+00:00,1000390.9963510783,0.00010660120051131372
2024-10-29 00:00:00+00:00,1000432.5554011395,4.154280697532542e-05
2024-10-30 00:00:00+00:00,1000157.5369407384,-0.0002748995511154817
2024-10-31 00:00:00+00:00,1000396.3332664125,0.00023875871235690127
2024-11-01 00:00:00+00:00,1000082.176139193,-0.00031403266562735066
2024-11-04 00:00:00+00:00,1000388.2536586674,0.00030605236927239154
2024-11-05 00:00:00+00:00,1000371.342697995,-1.6904397478256783e-05
2024-11-06 00:00:00+00:00,1000352.1432683655,-1.919230270797101e-05
2024-11-07 00:00:00+00:00,1000352.1432683655,0.0
2024-11-08 00:00:00+00:00,1000352.1432683655,0.0
2024-11-11 00:00:00+00:00,1000352.1432683655,0.0
2024-11-12 00:00:00+00:00,1000352.1432683655,0.0
2024-11-13 00:00:00+00:00,1000352.1432683655,0.0
2024-11-14 00:00:00+00:00,1000352.1432683655,0.0
2024-11-15 00:00:00+00:00,1000352.1432683655,0.0
2024-11-18 00:00:00+00:00,1000352.1432683655,0.0
2024-11-19 00:00:00+00:00,1000352.1432683655,0.0
2024-11-20 00:00:00+00:00,1000352.1432683655,0.0
2024-11-21 00:00:00+00:00,1000352.1432683655,0.0
2024-11-22 00:00:00+00:00,1000352.1432683655,0.0
2024-11-25 00:00:00+00:00,1000352.1432683655,0.0
2024-11-26 00:00:00+00:00,1000352.1432683655,0.0
2024-11-27 00:00:00+00:00,1000352.1432683655,0.0
2024-11-29 00:00:00+00:00,1000352.1432683655,0.0
2024-12-02 00:00:00+00:00,1000352.1432683655,0.0
2024-12-03 00:00:00+00:00,1000352.1432683655,0.0
2024-12-04 00:00:00+00:00,1000352.1432683655,0.0
2024-12-05 00:00:00+00:00,1000352.1432683655,0.0
2024-12-06 00:00:00+00:00,1000352.1432683655,0.0
2024-12-09 00:00:00+00:00,1000352.1432683655,0.0
2024-12-10 00:00:00+00:00,1000352.1432683655,0.0
2024-12-11 00:00:00+00:00,1000352.1432683655,0.0
2024-12-12 00:00:00+00:00,1000352.1432683655,0.0
2024-12-13 00:00:00+00:00,1000352.1432683655,0.0
2024-12-16 00:00:00+00:00,1000352.1432683655,0.0
2024-12-17 00:00:00+00:00,1000352.1432683655,0.0
2024-12-18 00:00:00+00:00,1000352.1432683655,0.0
2024-12-19 00:00:00+00:00,1000334.7724777691,-1.736467574275924e-05
2024-12-20 00:00:00+00:00,1000463.8616913239,0.00012904601250141035
2024-12-23 00:00:00+00:00,1000720.8906041798,0.0002569097422682187
2024-12-24 00:00:00+00:00,1000761.086868084,4.0167307669536356e-05
2024-12-26 00:00:00+00:00,1000624.9458024281,-0.00013603752927882073
2024-12-27 00:00:00+00:00,1000683.8387780684,5.8856193709155846e-05
2024-12-30 00:00:00+00:00,1000636.3624255409,-4.744390854305447e-05
2024-12-31 00:00:00+00:00,1000740.1942634814,0.00010376580528093093
2025-01-02 00:00:00+00:00,1000740.1942634815,2.220446049250313e-16
2025-01-03 00:00:00+00:00,1000740.1942634815,0.0
2025-01-06 00:00:00+00:00,1000740.1942634815,0.0
2025-01-07 00:00:00+00:00,1000740.1942634815,0.0
2025-01-08 00:00:00+00:00,1000740.1942634815,0.0
2025-01-10 00:00:00+00:00,1000740.1942634815,0.0
2025-01-13 00:00:00+00:00,1000740.1942634815,0.0
2025-01-14 00:00:00+00:00,1000740.1942634815,0.0
2025-01-15 00:00:00+00:00,1000740.1942634815,0.0
2025-01-16 00:00:00+00:00,1000740.1942634815,0.0
2025-01-17 00:00:00+00:00,1000740.1942634815,0.0
2025-01-21 00:00:00+00:00,1000740.1942634815,0.0
2025-01-22 00:00:00+00:00,1000740.1942634815,0.0
2025-01-23 00:00:00+00:00,1000740.1942634815,0.0
2025-01-24 00:00:00+00:00,1000740.1942634815,0.0
2025-01-27 00:00:00+00:00,1000740.1942634815,0.0
2025-01-28 00:00:00+00:00,1000740.1942634815,0.0
2025-01-29 00:00:00+00:00,1000740.1942634815,0.0
2025-01-30 00:00:00+00:00,1000740.1942634815,0.0
2025-01-31 00:00:00+00:00,1000740.1942634815,0.0
2025-02-03 00:00:00+00:00,1000740.1942634815,0.0
2025-02-04 00:00:00+00:00,1000740.1942634815,0.0
2025-02-05 00:00:00+00:00,1000740.1942634815,0.0
2025-02-06 00:00:00+00:00,1000740.1942634815,0.0
2025-02-07 00:00:00+00:00,1000740.1942634815,0.0
2025-02-10 00:00:00+00:00,1000740.1942634815,0.0
2025-02-11 00:00:00+00:00,1000740.1942634815,0.0
2025-02-12 00:00:00+00:00,1000740.1942634815,0.0
2025-02-13 00:00:00+00:00,1000740.1942634815,0.0
2025-02-14 00:00:00+00:00,1000740.1942634815,0.0
2025-02-18 00:00:00+00:00,1000740.1942634815,0.0
2025-02-19 00:00:00+00:00,1000740.1942634815,0.0
2025-02-20 00:00:00+00:00,1000740.1942634815,0.0
2025-02-21 00:00:00+00:00,1000740.1942634815,0.0
2025-02-24 00:00:00+00:00,1000740.1942634815,0.0
2025-02-25 00:00:00+00:00,1000740.1942634815,0.0
2025-02-26 00:00:00+00:00,1000740.1942634815,0.0
2025-02-27 00:00:00+00:00,1000740.1942634815,0.0
2025-02-28 00:00:00+00:00,1000740.1942634815,0.0
2025-03-03 00:00:00+00:00,1000740.1942634815,0.0
2025-03-04 00:00:00+00:00,1000740.1942634815,0.0
2025-03-05 00:00:00+00:00,1000740.1942634815,0.0
2025-03-06 00:00:00+00:00,1000740.1942634815,0.0
2025-03-07 00:00:00+00:00,1000740.1942634815,0.0
2025-03-10 00:00:00+00:00,1000740.1942634815,0.0
2025-03-11 00:00:00+00:00,1000740.1942634815,0.0
2025-03-12 00:00:00+00:00,1000740.1942634815,0.0
2025-03-13 00:00:00+00:00,1000740.1942634815,0.0
2025-03-14 00:00:00+00:00,1000740.1942634815,0.0
2025-03-17 00:00:00+00:00,1000740.1942634815,0.0
2025-03-18 00:00:00+00:00,1000740.1942634815,0.0
2025-03-19 00:00:00+00:00,1000740.1942634815,0.0
2025-03-20 00:00:00+00:00,1000740.1942634815,0.0
2025-03-21 00:00:00+00:00,1000740.1942634815,0.0
2025-03-24 00:00:00+00:00,1000740.1942634815,0.0
2025-03-25 00:00:00+00:00,1000740.1942634815,0.0
2025-03-26 00:00:00+00:00,1000740.1942634815,0.0
2025-03-27 00:00:00+00:00,1000740.1942634815,0.0
2025-03-28 00:00:00+00:00,1000740.1942634815,0.0
2025-03-31 00:00:00+00:00,1000740.1942634815,0.0
2025-04-01 00:00:00+00:00,1000740.1942634815,0.0
2025-04-02 00:00:00+00:00,1000740.1942634815,0.0
2025-04-03 00:00:00+00:00,1000740.1942634815,0.0
2025-04-04 00:00:00+00:00,1000740.1942634815,0.0
2025-04-07 00:00:00+00:00,1000740.1942634815,0.0
2025-04-08 00:00:00+00:00,1000740.1942634815,0.0
2025-04-09 00:00:00+00:00,1000740.1942634815,0.0
2025-04-10 00:00:00+00:00,1000740.1942634815,0.0
2025-04-11 00:00:00+00:00,1000740.1942634815,0.0
2025-04-14 00:00:00+00:00,1000740.1942634815,0.0
2025-04-15 00:00:00+00:00,1000740.1942634815,0.0
2025-04-16 00:00:00+00:00,1000740.1942634815,0.0
2025-04-17 00:00:00+00:00,1000740.1942634815,0.0
2025-04-21 00:00:00+00:00,1000740.1942634815,0.0
2025-04-22 00:00:00+00:00,1000740.1942634815,0.0
2025-04-23 00:00:00+00:00,1000740.1942634815,0.0
2025-04-24 00:00:00+00:00,1000740.1942634815,0.0
2025-04-25 00:00:00+00:00,1000740.1942634815,0.0
2025-04-28 00:00:00+00:00,1000740.1942634815,0.0
2025-04-29 00:00:00+00:00,1000740.1942634815,0.0
2025-04-30 00:00:00+00:00,1000740.1942634815,0.0
2025-05-01 00:00:00+00:00,1000740.1942634815,0.0
2025-05-02 00:00:00+00:00,1000740.1942634815,0.0
2025-05-05 00:00:00+00:00,1000740.1942634815,0.0
2025-05-06 00:00:00+00:00,1000740.1942634815,0.0
2025-05-07 00:00:00+00:00,1000740.1942634815,0.0
2025-05-08 00:00:00+00:00,1000740.1942634815,0.0
2025-05-09 00:00:00+00:00,1000740.1942634815,0.0
2025-05-12 00:00:00+00:00,1000740.1942634815,0.0
2025-05-13 00:00:00+00:00,1000740.1942634815,0.0
2025-05-14 00:00:00+00:00,1000740.1942634815,0.0
2025-05-15 00:00:00+00:00,1000740.1942634815,0.0
2025-05-16 00:00:00+00:00,1000740.1942634815,0.0
2025-05-19 00:00:00+00:00,1000740.1942634815,0.0
2025-05-20 00:00:00+00:00,1000740.1942634815,0.0
2025-05-21 00:00:00+00:00,1000740.1942634815,0.0
2025-05-22 00:00:00+00:00,1000740.1942634815,0.0
2025-05-23 00:00:00+00:00,1000740.1942634815,0.0
2025-05-27 00:00:00+00:00,1000740.1942634815,0.0
2025-05-28 00:00:00+00:00,1000740.1942634815,0.0
2025-05-29 00:00:00+00:00,1000740.1942634815,0.0
2025-05-30 00:00:00+00:00,1000740.1942634815,0.0
2025-06-02 00:00:00+00:00,1000740.1942634815,0.0
2025-06-03 00:00:00+00:00,1000740.1942634815,0.0
2025-06-04 00:00:00+00:00,1000740.1942634815,0.0
2025-06-05 00:00:00+00:00,1000740.1942634815,0.0
2025-06-06 00:00:00+00:00,1000740.1942634815,0.0
2025-06-09 00:00:00+00:00,1000740.1942634815,0.0
2025-06-10 00:00:00+00:00,1000740.1942634815,0.0
2025-06-11 00:00:00+00:00,1000740.1942634815,0.0
2025-06-12 00:00:00+00:00,1000740.1942634815,0.0
2025-06-13 00:00:00+00:00,1000740.1942634815,0.0
2025-06-16 00:00:00+00:00,1000740.1942634815,0.0
2025-06-17 00:00:00+00:00,1000740.1942634815,0.0
2025-06-18 00:00:00+00:00,1000740.1942634815,0.0
2025-06-20 00:00:00+00:00,1000740.1942634815,0.0
2025-06-23 00:00:00+00:00,1000740.1942634815,0.0
2025-06-24 00:00:00+00:00,1000740.1942634815,0.0
2025-06-25 00:00:00+00:00,1000740.1942634815,0.0
2025-06-26 00:00:00+00:00,1000724.9891107252,-1.5193906313992755e-05
2025-06-27 00:00:00+00:00,1000703.7489165062,-2.1224806465491852e-05
2025-06-30 00:00:00+00:00,1000828.7297862744,0.00012489297647122477
2025-07-01 00:00:00+00:00,1000828.7297862744,0.0
2025-07-02 00:00:00+00:00,1000828.7297862744,0.0
2025-07-03 00:00:00+00:00,1000828.7297862744,0.0
2025-07-07 00:00:00+00:00,1000828.7297862744,0.0
2025-07-08 00:00:00+00:00,1000828.7297862744,0.0
2025-07-09 00:00:00+00:00,1000828.7297862744,0.0
2025-07-10 00:00:00+00:00,1000828.7297862744,0.0
2025-07-11 00:00:00+00:00,1000828.7297862744,0.0
2025-07-14 00:00:00+00:00,1000828.7297862744,0.0
2025-07-15 00:00:00+00:00,1000828.7297862744,0.0
2025-07-16 00:00:00+00:00,1000828.7297862744,0.0
2025-07-17 00:00:00+00:00,1000803.7090680297,-2.5000000000052758e-05
2025-07-18 00:00:00+00:00,1000852.0842047104,4.833628836742321e-05
2025-07-21 00:00:00+00:00,1000868.7956413539,1.6697209215266184e-05
2025-07-22 00:00:00+00:00,1000875.4490351232,6.647618347344064e-06
2025-07-23 00:00:00+00:00,1000860.222158005,-1.5213558423154971e-05
2025-07-24 00:00:00+00:00,1000847.6082720839,-1.2603044502901284e-05
2025-07-25 00:00:00+00:00,1000826.0858312009,-2.1504213733591904e-05
2025-07-28 00:00:00+00:00,1000875.7436018422,4.961678291981464e-05
2025-07-29 00:00:00+00:00,1000919.064200579,4.328269419429098e-05
2025-07-30 00:00:00+00:00,1000894.2452917554,-2.4796119597714217e-05
2025-07-31 00:00:00+00:00,1000859.2296777789,-3.4984329404630365e-05
2025-08-01 00:00:00+00:00,1000920.8145478596,6.153199996017378e-05
2025-08-04 00:00:00+00:00,1000880.9937910864,-3.978412297400702e-05
2025-08-05 00:00:00+00:00,1000880.9937910864,0.0
2025-08-06 00:00:00+00:00,1000880.9937910864,0.0
2025-08-07 00:00:00+00:00,1000880.9937910864,0.0
2025-08-08 00:00:00+00:00,1000855.9717662416,-2.4999999999941735e-05
2025-08-11 00:00:00+00:00,1000839.7161060686,-1.624175768699665e-05
2025-08-12 00:00:00+00:00,1000836.5550177301,-3.1584361487313473e-06
2025-08-13 00:00:00+00:00,1000816.6629164409,-1.9875474361441547e-05
2025-08-14 00:00:00+00:00,1000830.6267440491,1.3952433173480827e-05
2025-08-15 00:00:00+00:00,1000862.3897464304,3.1736641078472516e-05
2025-08-18 00:00:00+00:00,1000835.0684904917,-2.729771466947195e-05
2025-08-19 00:00:00+00:00,1000708.3417609176,-0.00012662099237314983
2025-08-20 00:00:00+00:00,1000792.7346073879,8.433310980682229e-05
2025-08-21 00:00:00+00:00,1000918.5641372248,0.00012572985942616022
2025-08-22 00:00:00+00:00,1000754.8704146903,-0.00016354349734293283
2025-08-25 00:00:00+00:00,1000803.3562758823,4.844928825775696e-05
2025-08-26 00:00:00+00:00,1000815.5420122964,1.217595478442135e-05
2025-08-27 00:00:00+00:00,1000740.4874581695,-7.499339386363157e-05
2025-08-28 00:00:00+00:00,1000806.3616016028,6.582540054966834e-05
2025-08-29 00:00:00+00:00,1000806.3616016028,0.0
2025-09-02 00:00:00+00:00,1000806.3616016028,0.0
2025-09-03 00:00:00+00:00,1000806.3616016028,0.0
2025-09-04 00:00:00+00:00,1000806.3616016028,0.0
2025-09-05 00:00:00+00:00,1000806.3616016028,0.0
2025-09-08 00:00:00+00:00,1000806.3616016028,0.0
2025-09-09 00:00:00+00:00,1000806.3616016028,0.0
2025-09-10 00:00:00+00:00,1000806.3616016028,0.0
2025-09-11 00:00:00+00:00,1000806.3616016028,0.0
2025-09-12 00:00:00+00:00,1000806.3616016028,0.0
2025-09-15 00:00:00+00:00,1000806.3616016028,0.0
2025-09-16 00:00:00+00:00,1000806.3616016028,0.0
2025-09-17 00:00:00+00:00,1000806.3616016028,0.0
2025-09-18 00:00:00+00:00,1000781.3414425628,-2.4999999999941735e-05
2025-09-19 00:00:00+00:00,1000502.9177060442,-0.00027820636235809104
2025-09-22 00:00:00+00:00,1000481.8294633356,-2.107764238901133e-05
2025-09-23 00:00:00+00:00,1000440.8936229206,-4.091612582002302e-05
2025-09-24 00:00:00+00:00,1000498.3760378928,5.745708251092552e-05
2025-09-25 00:00:00+00:00,1000447.7667111603,-5.058411682068442e-05
2025-09-26 00:00:00+00:00,1000507.9738377759,6.018017993425495e-05
2025-09-29 00:00:00+00:00,1000534.8503487342,2.6862865325494312e-05
2025-09-30 00:00:00+00:00,1000494.0589619338,-4.07695811756037e-05
2025-10-01 00:00:00+00:00,1000494.0589619338,0.0
2025-10-02 00:00:00+00:00,1000494.0589619338,0.0
2025-10-03 00:00:00+00:00,1000494.0589619338,0.0
2025-10-06 00:00:00+00:00,1000494.0589619338,0.0
2025-10-07 00:00:00+00:00,1000494.0589619338,0.0
2025-10-08 00:00:00+00:00,1000494.0589619338,0.0
2025-10-09 00:00:00+00:00,1000494.0589619338,0.0
2025-10-10 00:00:00+00:00,1000494.0589619338,0.0
2025-10-13 00:00:00+00:00,1000494.0589619338,0.0
2025-10-14 00:00:00+00:00,1000494.0589619338,0.0
2025-10-15 00:00:00+00:00,1000494.0589619338,0.0
2025-10-16 00:00:00+00:00,1000494.0589619338,0.0
2025-10-17 00:00:00+00:00,1000494.0589619338,0.0
2025-10-20 00:00:00+00:00,1000494.0589619338,0.0
2025-10-21 00:00:00+00:00,1000494.0589619338,0.0
2025-10-22 00:00:00+00:00,1000494.0589619338,0.0
2025-10-23 00:00:00+00:00,1000485.5985750328,-8.456209035223594e-06
2025-10-24 00:00:00+00:00,1000497.8783069926,1.2273771833770653e-05
2025-10-27 00:00:00+00:00,1000492.9052812754,-4.9705509876929455e-06
2025-10-28 00:00:00+00:00,1000507.4121051067,1.4499676864065947e-05
2025-10-29 00:00:00+00:00,1000503.8228877308,-3.587397087279065e-06
2025-10-30 00:00:00+00:00,1000431.865133401,-7.192151862256413e-05
2025-10-31 00:00:00+00:00,1000501.5442711797,6.964905877859806e-05
2025-11-03 00:00:00+00:00,1000488.7954522781,-1.2742428009859808e-05
2025-11-04 00:00:00+00:00,1000489.9843199933,1.188286886000256e-06
2025-11-05 00:00:00+00:00,1000458.6733720291,-3.129561360426525e-05
2025-11-06 00:00:00+00:00,1000429.7146555688,-2.894543995768384e-05
2025-11-07 00:00:00+00:00,1000429.7146555688,0.0
2025-11-10 00:00:00+00:00,1000429.7146555688,0.0
2025-11-11 00:00:00+00:00,1000429.7146555688,0.0
2025-11-12 00:00:00+00:00,1000429.7146555688,0.0
2025-11-13 00:00:00+00:00,1000429.7146555688,0.0
2025-11-14 00:00:00+00:00,1000429.7146555688,0.0
2025-11-17 00:00:00+00:00,1000429.7146555688,0.0
2025-11-18 00:00:00+00:00,1000429.7146555688,0.0
2025-11-19 00:00:00+00:00,1000429.7146555688,0.0
2025-11-20 00:00:00+00:00,1000429.7146555688,0.0
2025-11-21 00:00:00+00:00,1000429.7146555688,0.0
2025-11-24 00:00:00+00:00,1000429.7146555688,0.0
2025-11-25 00:00:00+00:00,1000429.7146555688,0.0
2025-11-26 00:00:00+00:00,1000429.7146555688,0.0
2025-11-28 00:00:00+00:00,1000429.7146555688,0.0
2025-12-01 00:00:00+00:00,1000429.7146555688,0.0
2025-12-02 00:00:00+00:00,1000429.7146555688,0.0
2025-12-03 00:00:00+00:00,1000429.7146555688,0.0
2025-12-04 00:00:00+00:00,1000429.7146555688,0.0
2025-12-05 00:00:00+00:00,1000429.7146555688,0.0
2025-12-08 00:00:00+00:00,1000429.7146555688,0.0
2025-12-09 00:00:00+00:00,1000429.7146555688,0.0
2025-12-10 00:00:00+00:00,1000429.7146555688,0.0
2025-12-11 00:00:00+00:00,1000429.7146555688,0.0
2025-12-12 00:00:00+00:00,1000429.7146555688,0.0
2025-12-15 00:00:00+00:00,1000429.7146555688,0.0
2025-12-16 00:00:00+00:00,1000429.7146555688,0.0
2025-12-17 00:00:00+00:00,1000429.7146555688,0.0
2025-12-18 00:00:00+00:00,1000429.7146555688,0.0
2025-12-19 00:00:00+00:00,1000429.7146555688,0.0
2025-12-22 00:00:00+00:00,1000429.7146555688,0.0
2025-12-23 00:00:00+00:00,1000429.7146555688,0.0
2025-12-24 00:00:00+00:00,1000429.7146555688,0.0
2025-12-26 00:00:00+00:00,1000429.7146555688,0.0
2025-12-29 00:00:00+00:00,1000429.7146555688,0.0
2025-12-30 00:00:00+00:00,1000429.7146555688,0.0
2025-12-31 00:00:00+00:00,1000429.7146555688,0.0
2026-01-02 00:00:00+00:00,1000429.7146555687,-1.1102230246251565e-16
2026-01-05 00:00:00+00:00,1000429.7146555687,0.0
2026-01-06 00:00:00+00:00,1000429.7146555687,0.0
2026-01-07 00:00:00+00:00,1000404.7039127024,-2.4999999999941735e-05
2026-01-08 00:00:00+00:00,1000350.5806441042,-5.4101373560655475e-05
2026-01-09 00:00:00+00:00,1000272.4652430343,-7.808802491982014e-05
2026-01-12 00:00:00+00:00,1000402.6235263485,0.00013012282936597508
2026-01-13 00:00:00+00:00,1000354.6386074014,-4.796560686537443e-05
2026-01-14 00:00:00+00:00,1000354.2153360879,-4.231212583638566e-07
2026-01-15 00:00:00+00:00,1000328.1078934551,-2.609819825072357e-05
2026-01-16 00:00:00+00:00,1000310.8236172164,-1.7278606991300016e-05
2026-01-20 00:00:00+00:00,1000352.1598018815,4.1323340394860963e-05
2026-01-21 00:00:00+00:00,1000311.7816021051,-4.036398520335105e-05
2026-01-22 00:00:00+00:00,1000429.4473648355,0.00011762908814483275
2026-01-23 00:00:00+00:00,1000321.2180933416,-0.0001081828126701101
2026-01-26 00:00:00+00:00,1000299.2461788665,-2.196485896499567e-05
2026-01-27 00:00:00+00:00,1000374.1245223139,7.48559430925333e-05
2026-01-28 00:00:00+00:00,1000442.1303313504,6.798037591071449e-05
2026-01-29 00:00:00+00:00,1000377.9231076709,-6.417884826404041e-05
2026-01-30 00:00:00+00:00,1000577.5202533313,0.00019952174178383686
2026-02-02 00:00:00+00:00,1000402.3042416525,-0.00017511487928933978
2026-02-03 00:00:00+00:00,1000368.6850412128,-3.360568073174086e-05
2026-02-04 00:00:00+00:00,1000376.524062563,7.836132285277131e-06
2026-02-05 00:00:00+00:00,1000296.5081262073,-7.998581976986774e-05
2026-02-06 00:00:00+00:00,1000355.8336015318,5.930789005326176e-05
2026-02-09 00:00:00+00:00,1000355.8336015318,0.0
2026-02-10 00:00:00+00:00,1000355.8336015318,0.0
2026-02-11 00:00:00+00:00,1000355.8336015318,0.0
2026-02-12 00:00:00+00:00,1000355.8336015318,0.0
2026-02-13 00:00:00+00:00,1000355.8336015318,0.0
2026-02-17 00:00:00+00:00,1000355.8336015318,0.0
