entry_date,exit_date,direction,entry_price_a,entry_price_b,exit_price_a,exit_price_b,entry_z,exit_z,position_size,hedge_ratio,gross_notional,capital_at_risk,pnl,return_on_notional_pct,return_on_capital_pct,duration_trading_days,entry_lambda,exit_lambda,entry_regime,exit_regime,max_adverse_excursion,max_favorable_excursion,financing_cost,borrow_cost,transaction_cost,exit_reason
2020-07-06 00:00:00+00:00,2020-07-09 00:00:00+00:00,1,316.62,317.89,316.2,317.6,-2.191556000254739,-1.4274750214194971,0.25,1.0076212415994485,250019.8412698413,250019.84126984127,-211.58748836698882,-0.0846282788167307,-0.08462827881673071,3,0.02516486067703096,0.02438716409988828,calm,calm,-0.05407353960954214,0.0,7.217117132573228,3.719932577338882,149.92800295422828,max_hold
2020-07-30 00:00:00+00:00,2020-08-04 00:00:00+00:00,1,322.86,324.03,328.07,328.98,-1.8573920561910322,-0.8500522298926456,0.25,1.0076212415994485,250290.62138134503,250290.621381345,-69.72300734254519,-0.027856819787232295,-0.027856819787232298,3,0.024179750421374883,0.02417903823167689,calm,calm,-0.20405305457150874,0.0,7.345605848694387,3.80800756629763,151.35362165033303,max_hold
2020-09-17 00:00:00+00:00,2020-09-18 00:00:00+00:00,1,334.55,335.93,331.38,334.2,-2.362534759934941,-6.05564834537391,0.25,1.0076212415994485,250915.65299286443,250915.6529928644,-689.3166537021069,-0.2747204670095691,-0.2747204670095691,1,0.024178847463597684,0.05676176623809358,calm,elevated,-0.24493960016097882,0.0,2.3677113748556238,1.24291208471507,149.9995524179351,stop_loss
2020-09-22 00:00:00+00:00,2020-09-23 00:00:00+00:00,1,326.59,329.68,321.69,322.6,-4.313320815297177,1.311114081312037,0.2107711038464819,1.0076212415994485,211428.08209285594,211428.0820928559,570.0232191019353,0.2696062005857812,0.2696062005857812,1,0.046269080189800665,0.06691538615641435,normal,elevated,0.0,0.29905864869429755,2.052008819529994,1.0301238251588491,125.69917079308647,stop_loss
2020-12-16 00:00:00+00:00,2020-12-18 00:00:00+00:00,-1,370.32,370.03,370.8,372.31,3.010609896650708,-2.8399414414312454,0.15889249717705975,1.009193568808549,160226.72531122895,160226.72531122895,291.6027384028409,0.18199382021720997,0.18199382021720997,2,0.0436039848971881,0.05945970291961569,normal,elevated,-0.027452272866093835,0.35084723240177623,3.3371946747137393,1.2686077865081093,96.31581202640868,max_hold
2021-03-22 00:00:00+00:00,2021-03-24 00:00:00+00:00,1,388.68,392.33,389.46,392.93,-5.048324259746284,-3.0680548732891952,0.25,1.0097926934753898,253437.75926176118,253437.7592617612,-101.29178503158752,-0.0399671246015749,-0.039967124601574894,2,0.013302587388661696,0.013302587388659373,calm,calm,0.0,0.0900431262880213,4.8943652602112495,2.521233596950949,152.19699495154572,max_hold
2021-03-25 00:00:00+00:00,2021-05-12 00:00:00+00:00,1,387.94,389.39,406.12,407.71,-3.0680548732891952,0.04085856431906375,0.25,1.0097926934753898,253443.7260259274,253443.72602592746,-366.34738423901626,-0.1445478213185434,-0.14454782131854338,33,0.013302587388659373,0.012101024024568776,calm,calm,-0.14373284771336656,0.0,85.03964483510029,44.23862541554902,155.636437772488,stop_loss
2021-06-11 00:00:00+00:00,2021-06-15 00:00:00+00:00,-1,423.56,424.02,425.99,426.2,3.331606777571177,2.129564916090497,0.25,1.0079617055208885,254254.85643493402,254254.85643493407,-230.44563023129902,-0.09063568478593526,-0.09063568478593524,2,0.012101024024568776,0.012101024024568776,calm,calm,-0.03138423870714749,0.0,5.20099159657951,2.0154702506034874,152.96770485672374,max_hold
2021-06-16 00:00:00+00:00,2021-06-18 00:00:00+00:00,-1,424.22,424.31,420.48,422.35,2.129564916090497,-1.1029703550999919,0.25,1.0079617055208885,254228.62247368885,254228.62247368888,367.5453631842229,0.14457277060621357,0.14457277060621354,2,0.012101024024568776,0.012101024024568776,calm,calm,0.0,0.1704888297489425,5.1655521531598465,1.980031273249785,152.02545689707858,max_hold
2021-09-21 00:00:00+00:00,2021-09-27 00:00:00+00:00,1,438.42,441.82,445.07,446.84,-6.649727015698353,0.35895183072854864,0.13124999999999998,1.0069750243939393,134214.71264273973,134214.7126427397,160.19553943688663,0.11935765929276632,0.11935765929276633,4,0.033038534159510226,0.035062346998934395,elevated,elevated,-0.05407891929520895,0.18523613066797306,5.2759676674461655,2.6896340319999363,81.06267270042748,max_hold
2021-10-11 00:00:00+00:00,2021-10-14 00:00:00+00:00,-1,436.32,438.22,437.57,439.84,2.4280736578499464,0.4654195839577514,0.25,1.0052881628969625,255950.61651832156,255950.6165183216,-55.947998764805924,-0.02185890369238514,-0.021858903692385138,3,0.013759306328189235,0.01247079404040525,normal,calm,-0.07184447618021143,0.0,7.758641895484337,3.044544629245624,153.82237262812276,max_hold
2021-12-14 00:00:00+00:00,2021-12-15 00:00:00+00:00,-1,467.62,467.91,471.2,471.86,2.957618146895084,1.9420022919571536,0.25,1.0052881628969625,256817.7366159835,256817.7366159835,-51.97661105222288,-0.02023871549414941,-0.02023871549414941,1,0.01714854915086525,0.014737517958204154,normal,normal,0.0,0.010002779346337568,2.6227235858120306,1.0242120546305153,154.71084355297313,stop_loss
2022-01-24 00:00:00+00:00,2022-01-25 00:00:00+00:00,1,439.8,441.83,435.01,436.94,-2.116901327240289,-0.2066949079434943,0.25,1.004846897788513,257331.20049508987,257331.20049508987,-127.78703376520677,-0.04965858532480793,-0.04965858532480793,1,0.012373207218921944,0.012373165341983055,calm,calm,-0.019987975509115474,0.0,2.4837056620443327,1.2653690292971995,153.55109658146233,stop_loss
2022-01-28 00:00:00+00:00,2022-01-31 00:00:00+00:00,1,432.21,433.67,448.77,450.72,-2.422210108795056,-0.222312601419082,0.25,1.004846897788513,257356.54166621523,257356.54166621523,-314.2834649963301,-0.12211986645513276,-0.12211986645513276,1,0.012373147869735042,0.012373140579817041,calm,calm,-0.09095537540706915,0.0,2.5984156738943858,1.32996683941521,157.4108188890383,stop_loss
2022-03-07 00:00:00+00:00,2022-03-08 00:00:00+00:00,1,425.79,427.67,416.7,418.19,-3.74185379476485,0.782021103332822,0.25,1.004846897788513,257764.48934726557,257764.48934726554,-37.70235825936646,-0.014626668845984087,-0.014626668845984087,1,0.012373135360911853,0.012373135360780815,calm,calm,0.0,0.014720573849058704,2.4665344636083546,1.2532741874138353,152.97611707455943,stop_loss
2022-03-21 00:00:00+00:00,2022-03-24 00:00:00+00:00,1,443.19,446.57,445.52,448.06,-2.7038268954801405,0.2786852977919934,0.25,1.004846897788513,257935.2446196805,257935.24461968054,78.40061795228996,0.030395465368794346,0.03039546536879434,3,0.012373135360689843,0.012373135360687494,calm,calm,-0.03038332133957994,0.13154449574948496,7.660781427475042,3.8861146457959572,155.09346685734732,max_hold
2022-04-13 00:00:00+00:00,2022-04-19 00:00:00+00:00,-1,440.84,443.04,443.42,445.38,2.497760007904297,0.08065618329884827,0.25,1.0043397031481096,258268.3527578558,258268.35275785578,-236.80862568917925,-0.0916909188293788,-0.0916909188293788,3,0.011548455366140598,0.011548455366138612,calm,calm,-0.17184378065841127,0.0,7.757921403575791,3.065112876378101,155.39230370625336,stop_loss
2022-06-10 00:00:00+00:00,2022-06-13 00:00:00+00:00,-1,400.91,402.0,375.82,376.17,2.5813990864382674,2.72735950187295,0.25,1.0043397031481096,258995.29122518617,258995.29122518617,-405.8258403198791,-0.15669236239782813,-0.15669236239782813,1,0.011548455366137916,0.011548455366137916,calm,calm,-0.12859496200895715,0.0,2.427890830453209,0.96135323695767,150.46953133141886,stop_loss
2022-06-15 00:00:00+00:00,2022-06-16 00:00:00+00:00,-1,375.8,376.59,368.44,367.92,4.343360790835395,3.5874349387681086,0.25,1.0043397031481096,258930.92432019074,258930.9243201907,-614.2106542801295,-0.23721023508208092,-0.23721023508208094,1,0.011548455366137916,0.011548455366137916,calm,calm,-0.20784945578276293,0.0,2.5212232285385214,1.005198993551922,153.70341452339247,stop_loss
2022-07-06 00:00:00+00:00,2022-07-08 00:00:00+00:00,1,382.29,384.43,387.85,390.09,-2.5564040451451207,-1.102874341591796,0.25,1.0044319775397192,259019.93148225985,259019.93148225985,-195.8885433757965,-0.07562682232784576,-0.07562682232784576,2,0.010783036848099859,0.010783036848099859,calm,calm,-0.05677711279408833,0.0,5.137299113702817,2.6177959954885717,156.5490858636,max_hold
2022-07-25 00:00:00+00:00,2022-07-27 00:00:00+00:00,1,394.63,396.8,394.6,397.09,-2.3348346396330286,-0.6689522101979838,0.25,1.0044319775397192,259208.5595134435,259208.5595134435,-268.00567457824417,-0.10339383663923506,-0.10339383663923506,2,0.010783036848099859,0.010783036848099859,calm,calm,-0.025875916420843366,0.0,5.1004591642024435,2.593436727464484,155.55066555776176,max_hold
2022-09-20 00:00:00+00:00,2022-09-21 00:00:00+00:00,1,388.14,391.41,375.18,378.71,-2.472554188376362,-2.824189726703282,0.25,1.0044319775397192,259935.7033456828,259935.7033456828,-260.7601095520046,-0.10031715774159175,-0.10031715774159175,1,0.010783036848099859,0.010783036848099859,calm,calm,-0.0713046785909759,0.0,2.4467305436949722,1.250286286526945,153.39450274187777,stop_loss
2022-09-23 00:00:00+00:00,2022-09-27 00:00:00+00:00,1,372.82,376.45,369.17,370.85,-2.533193176297537,1.1173179617382367,0.25,1.0044319775397192,259907.7433548969,259907.7433548969,505.43824138459064,0.194468327438182,0.194468327438182,2,0.010783036848099859,0.010783036848099859,calm,calm,0.0,0.24535145284080118,5.044010824071823,2.511730261966888,154.9825725966146,max_hold
2022-12-14 00:00:00+00:00,2022-12-15 00:00:00+00:00,-1,402.21,402.3,389.58,389.48,2.1859226547953106,2.729196425821766,0.25,1.0041077395045632,261183.10917736296,261183.109177363,-235.4677505958611,-0.09015427963067889,-0.09015427963067887,1,0.010090989499038132,0.010090989499038132,calm,calm,-0.06110331802659188,0.0,2.540914499504937,1.001837459642444,154.23113751668524,stop_loss
2023-01-27 00:00:00+00:00,2023-01-31 00:00:00+00:00,1,403.42,405.33,399.75,401.63,-2.2055328733410784,-0.03267663559089797,0.25,1.0041818969515086,261701.09652979946,261701.09652979946,-154.98492205677493,-0.05922211412634531,-0.05922211412634531,2,0.009490206626189449,0.009490206626189449,calm,calm,0.0,0.004259589730193586,5.130189103226683,2.6011127334844817,156.30520709571758,max_hold
2023-03-20 00:00:00+00:00,2023-03-22 00:00:00+00:00,1,387.73,390.5,392.74,396.21,-2.213768426024521,-3.8054709206925454,0.25,1.0041818969515086,262360.08968295285,262360.0896829529,-397.0476030276705,-0.1513368910292262,-0.15133689102922618,2,0.009490206626189449,0.009490206626189449,calm,calm,-0.12092368316361521,0.0,5.215958047762974,2.666017664582169,158.5001463365657,stop_loss
2023-05-05 00:00:00+00:00,2023-05-25 00:00:00+00:00,-1,406.54,408.38,412.67,414.37,3.5215106065951933,-0.3588190954478612,0.25,1.004041478296439,262918.4245423238,262918.4245423238,-257.56204679557936,-0.09796272256078341,-0.09796272256078341,14,0.007999187938907902,0.007999187938907902,calm,calm,-0.1838962454042519,0.0013456231131674927,37.67464330315881,14.85163009502036,158.92414481533416,max_hold
2023-06-08 00:00:00+00:00,2023-06-12 00:00:00+00:00,-1,426.53,427.15,431.38,432.11,2.326923350885472,1.7916153992817332,0.25,1.004041478296439,263241.4483775322,263241.4483775321,-128.5054228229706,-0.04881656122734607,-0.048816561227346074,2,0.007999187938907902,0.007999187938907902,calm,calm,-0.02804869422882541,0.0,5.365158352543908,2.1110103248494885,158.85238714357433,max_hold
2023-09-18 00:00:00+00:00,2023-09-20 00:00:00+00:00,1,444.09,448.06,442.75,446.91,-7.439621657422109,-3.823272995904328,0.25,1.0040040936581147,264624.25906100805,264624.25906100805,-224.45957339236293,-0.08482199409412977,-0.08482199409412977,2,0.007579713754020729,0.007579713754020729,calm,calm,-0.053115508490962485,0.0,5.129278385614589,2.609145535896445,158.55294084023308,max_hold
2023-09-21 00:00:00+00:00,2023-09-25 00:00:00+00:00,1,437.74,441.81,431.88,435.77,-3.823272995904328,-2.4857663584937657,0.25,1.0040040936581147,264600.802525365,264600.80252536497,-120.63799163255129,-0.04559245114949595,-0.045592451149495956,2,0.007579713754020729,0.007579713754020729,calm,calm,-0.06403782385586478,0.0,5.096824066824308,2.5928359984136273,157.68652461833068,max_hold
2023-09-26 00:00:00+00:00,2023-10-06 00:00:00+00:00,1,429.87,431.89,430.2,431.66,-2.4857663584937657,1.5755019368029932,0.25,1.0040040936581147,264603.2964336638,264603.2964336638,-17.792941098793435,-0.00672438376188338,-0.00672438376188338,8,0.007579713754020729,0.006379548710863358,calm,calm,-0.06359706333997062,0.02327910423379419,20.551062268897248,10.429362356091412,158.77120721174063,stop_loss
2023-10-27 00:00:00+00:00,2023-11-14 00:00:00+00:00,-1,414.57,416.35,449.35,451.5,3.617796976145354,0.20287358278668,0.25,1.0034948757850752,265020.33233462425,265020.33233462425,-103.0795438204112,-0.038894956817976986,-0.038894956817976986,12,0.006379548710863358,0.006379548710863358,calm,calm,-0.04997663418427811,0.00682528232926218,33.364098741971546,13.150027065997296,165.70340263035575,stop_loss
2023-12-20 00:00:00+00:00,2024-02-01 00:00:00+00:00,1,474.41,476.55,491.64,493.99,-3.196025257576417,-0.2246095943828916,0.1,1.0034948757850752,106276.27248953035,106276.27248953037,-130.75056752171912,-0.12302893624218879,-0.12302893624218877,28,0.03211369737826552,0.006878466887560264,elevated,calm,-0.0950312356636789,0.0,29.401918254946345,14.911982425355125,64.92814401559887,stop_loss
2024-03-18 00:00:00+00:00,2024-03-20 00:00:00+00:00,1,511.15,515.13,515.52,519.56,-3.468852610701744,-4.0558881820281005,0.25,1.0033268330973828,266837.6180233384,266837.6180233383,-179.31149196591159,-0.06719873055913296,-0.06719873055913297,2,0.006876137742990146,0.006876137635624146,calm,calm,-0.05850344464873285,0.0,5.304283110734069,2.6914615041039807,160.78897873276793,max_hold
2024-03-21 00:00:00+00:00,2024-04-04 00:00:00+00:00,1,523.38,525.75,513.38,516.0,-4.0558881820281005,-0.16927282365319007,0.25,1.0033268330973828,266825.7216971405,266825.7216971404,-260.4035968850586,-0.09759313878316002,-0.09759313878316003,9,0.006876137635624146,0.006575285832228549,calm,calm,-0.16789742112352962,0.01795379440225014,23.364462276624575,11.862324908728377,158.58851155722456,stop_loss
2024-04-16 00:00:00+00:00,2024-04-18 00:00:00+00:00,-1,504.32,506.9,502.58,504.98,2.2942550896998926,-0.9257220998569562,0.25,1.0028204269853898,267053.0735232624,267053.0735232624,-213.77971635732158,-0.08005139710129555,-0.08005139710129555,2,0.006575285830269478,0.006575285830125722,calm,calm,-0.05435690069266688,0.010976184521304189,5.308620118467902,2.0978087891750388,159.941888768249,max_hold
2024-04-29 00:00:00+00:00,2024-05-31 00:00:00+00:00,-1,509.64,512.23,528.26,531.17,2.1764976452255005,-0.4574663224298563,0.25,1.0028204269853898,267159.76689252653,267159.76689252653,-178.52742069368406,-0.06682421637442976,-0.06682421637442976,23,0.006575285830049698,0.006575285830036674,calm,calm,-0.11269547599789079,0.01836280920161155,62.96376505684613,24.9230988087997,163.24176906668285,stop_loss
2024-06-12 00:00:00+00:00,2024-06-14 00:00:00+00:00,-1,537.27,538.4,542.36,540.87,2.632317753282309,2.749540021930501,0.25,1.0028204269853898,267630.9756380145,267630.97563801456,-819.8882271090433,-0.30635027397500764,-0.3063502739750075,2,0.006575285830036669,0.006575285830036668,calm,calm,-0.051055064891637206,0.0,5.409857297531925,2.1422444524429958,161.14280263848997,max_hold
2024-06-17 00:00:00+00:00,2024-06-20 00:00:00+00:00,-1,543.16,543.72,550.46,551.59,2.749540021930501,2.075923980612956,0.25,1.0028204269853898,267459.0330618362,267459.03306183626,-25.566672637061448,-0.009559098582080967,-0.009559098582080964,2,0.006575285830036668,0.006575285830036668,calm,calm,0.0,0.037654344322842564,5.431665692595139,2.1385312435926918,161.5953653148329,max_hold
2024-09-23 00:00:00+00:00,2024-09-25 00:00:00+00:00,1,568.34,573.52,570.44,573.59,-3.1245976650675207,1.4526893020375908,0.25,1.002582897601467,268847.7134200253,268847.71342002536,310.1297420566563,0.11535517193413335,0.11535517193413333,2,0.00628696905739794,0.00628696905739794,calm,calm,-0.015889018799711208,0.2225319152857289,5.35528365192131,2.6762376601909703,161.46237196337415,max_hold
2024-11-26 00:00:00+00:00,2024-11-29 00:00:00+00:00,1,597.06,600.12,600.58,603.51,-3.2788477603432535,1.0493122108231026,0.25,1.0020293423575104,269877.83280350297,269877.832803503,-138.75124570387774,-0.051412612982149594,-0.05141261298214959,2,0.006018774635570117,0.006018774635570117,calm,calm,0.0,0.03029486459035506,5.369785861879615,2.6957486321551563,162.39402722416565,profit_target
2024-12-18 00:00:00+00:00,2024-12-20 00:00:00+00:00,-1,604.88,605.8,592.17,593.8,2.962334585945712,1.705550515127268,0.25,1.0020293423575104,270133.591834931,270133.591834931,-10.760068083067829,-0.003983239555650274,-0.003983239555650274,2,0.006018774635570117,0.006018774635570117,calm,calm,-0.046181743583192804,0.025404464501228765,5.267953829736772,2.0860832399446165,160.4261380771464,stop_loss
2025-03-13 00:00:00+00:00,2025-03-19 00:00:00+00:00,-1,555.33,557.81,568.75,569.58,4.175712575580587,2.7864634157722104,0.25,1.0017460712948298,271302.9931022838,271302.99310228374,-590.4428658980754,-0.21763227126487059,-0.2176322712648706,4,0.0057724475827094345,0.0057724475827094345,calm,calm,-0.1935740978672415,0.03510979604578664,10.968066200468527,4.376051693798849,164.62381480794238,stop_loss
2025-06-17 00:00:00+00:00,2025-06-20 00:00:00+00:00,-1,599.0,600.07,595.52,597.98,2.591621646244896,0.48326345598250686,0.25,1.0016298394039482,272537.351347603,272537.351347603,145.30559358781315,0.05331584565173442,0.05331584565173442,2,0.005559107519066848,0.005559107519066848,calm,calm,-0.05054496306266123,0.07400433633099637,5.433089131215793,2.1515639938940065,163.1426007707812,max_hold
2025-09-17 00:00:00+00:00,2025-09-19 00:00:00+00:00,-1,660.19,661.53,660.49,663.63,6.784549742162107,0.08463583007297484,0.25,1.001559710262374,273908.48636652937,273908.4863665293,200.709138608343,0.07327598398677032,0.07327598398677033,2,0.0053545726927213535,0.0053545726927213535,calm,calm,-0.014118941242908963,0.09641873030251774,5.522715107854598,2.182793908741215,164.49427580725097,max_hold
2025-12-17 00:00:00+00:00,2025-12-19 00:00:00+00:00,-1,679.79,680.92,676.68,679.66,5.503416039474794,0.21051926998453957,0.25,1.001401826171139,275322.10338887933,275322.1033888794,201.82006727899162,0.07330325636584666,0.07330325636584664,2,0.005158605155189103,0.005158605155189103,calm,calm,-0.04381559484885049,0.10752979191176402,5.510001468207454,2.180578299394146,164.9279834764748,max_hold
