quarter,train_end,eval_start,eval_end,hedge_ratio,half_life,z_entry,z_exit,pair_tradeable,entries_allowed,stop_reference_sd,hawkes_active,n_jumps_fdr,n_jumps_nominal,branching_ratio,lr_pvalue
1,2020-06-30,2020-07-01,2020-09-30,0.5683399464843085,11.458685276941324,2.0,0.5,True,True,0.046082757213573945,True,2,6,0.053112339581337126,0.3586206896551724
2,2020-09-30,2020-10-01,2020-12-31,0.5904334531863416,11.35923302472258,1.5,0.25,True,True,0.044201529276726256,True,2,6,0.06650229336851497,0.3448275862068966
3,2020-12-31,2021-01-04,2021-03-31,0.5595241969431638,11.774190612939506,2.0,0.25,True,True,0.04586501125738116,True,2,7,0.0333785666858467,0.4093567251461988
4,2021-03-31,2021-04-01,2021-06-30,0.5587027555134423,11.951227629908818,2.0,0.25,True,True,0.0447382462267531,True,2,7,0.04354213869905725,0.40350877192982454
5,2021-06-30,2021-07-01,2021-09-30,0.5588470261239443,11.82404656969697,2.0,0.25,True,True,0.04328031809423052,True,2,7,0.05223786297336642,0.3742690058479532
6,2021-09-30,2021-10-01,2021-12-31,0.5598063196975247,11.86870929904994,2.0,0.25,True,True,0.042081764444907035,True,2,7,0.05963334128427604,0.3567251461988304
7,2021-12-31,2022-01-03,2022-03-31,0.5540267638063912,14.540905999286817,2.0,0.25,True,True,0.04437838316610441,True,2,7,0.06591503589657731,0.3508771929824561
8,2022-03-31,2022-04-01,2022-06-30,0.643361415501646,39.549026718986575,2.0,0.5,False,False,0.05966979520297147,True,2,8,0.06300348972870999,0.2777777777777778
9,2022-06-30,2022-07-01,2022-09-30,0.646912667236801,44.263295589707965,2.0,0.5,False,False,0.07292398282513791,True,3,10,0.02461001584142624,0.45918367346938777
10,2022-09-30,2022-10-03,2022-12-30,0.6634510024108705,45.143568695331204,2.0,0.5,False,False,0.07290330247950502,True,4,12,2.0628254677528663e-06,0.5692307692307692
11,2022-12-30,2023-01-03,2023-03-31,0.7095840909075334,49.42196975995605,2.0,0.5,False,False,0.07276981592795574,True,5,8,2.000037355303042e-06,0.7166666666666667
12,2023-03-31,2023-04-03,2023-06-30,0.6805821711431141,47.24497828840788,2.0,0.5,False,False,0.07243974108600448,True,4,11,2.2362693371859395e-06,0.75
13,2023-06-30,2023-07-03,2023-09-29,0.6742576823447772,46.865891049350154,2.0,0.5,False,False,0.07112386456340995,True,4,11,2.0035313186861702e-06,0.7295918367346939
14,2023-09-29,2023-10-02,2023-12-29,0.6707049624370726,46.4204927725272,2.0,0.5,False,False,0.06971093502437782,True,4,11,2.003674540856391e-06,0.7142857142857143
15,2023-12-29,2024-01-02,2024-03-28,0.6701072452437783,46.30212916145736,2.0,0.5,False,False,0.06918276688559237,True,5,15,0.09494030111123142,0.09045226130653267
16,2024-03-28,2024-04-01,2024-06-28,0.646934483706615,47.27926449062619,2.0,0.5,False,False,0.06956571230201314,True,5,18,0.11179060259154412,0.12
17,2024-06-28,2024-07-01,2024-09-30,0.6412756159959435,47.377666881762096,2.0,0.5,False,False,0.06904790295494403,True,5,18,0.11448106356828586,0.105
18,2024-09-30,2024-10-01,2024-12-31,0.6025687030294796,54.205991055285416,2.0,0.5,False,False,0.07373858628112093,True,6,19,0.10384559669395158,0.105
19,2024-12-31,2025-01-02,2025-03-31,0.6109926897420267,52.77789120109004,2.0,0.5,False,False,0.07289545103430319,True,7,20,0.09433025274870137,0.1
20,2025-03-31,2025-04-01,2025-06-30,0.6209382723367538,50.8132155225432,2.0,0.5,False,False,0.07110092516508713,True,7,20,0.09654983027674736,0.09
21,2025-06-30,2025-07-01,2025-09-30,0.5979711173572214,53.0009756889274,2.0,0.5,False,False,0.073303403831422,True,7,20,0.09869804187996732,0.09
22,2025-09-30,2025-10-01,2025-12-31,0.6046134876511042,51.190110540611705,2.0,0.5,False,False,0.07173646409333662,True,7,21,0.09000093876650926,0.11
23,2025-12-31,2026-01-02,2026-02-12,0.58547092950018,52.8914825923591,2.0,0.5,False,False,0.07255222989179218,True,7,22,0.08212681454515712,0.135
