date,quarter,equity,returns,spread
2020-07-01 00:00:00+00:00,1,1000000.0,0.0,3.184095163835213
2020-07-02 00:00:00+00:00,1,1000000.0,0.0,3.3402180780078696
2020-07-06 00:00:00+00:00,1,1000000.0,0.0,3.6365457163212596
2020-07-07 00:00:00+00:00,1,1000000.0,0.0,3.5107869687547995
2020-07-08 00:00:00+00:00,1,1000000.0,0.0,3.632923091070325
2020-07-09 00:00:00+00:00,1,1000000.0,0.0,3.730288018168817
2020-07-10 00:00:00+00:00,1,1000000.0,0.0,3.0810982692649103
2020-07-13 00:00:00+00:00,1,1000000.0,0.0,2.969868992278423
2020-07-14 00:00:00+00:00,1,1000000.0,0.0,2.9777079294182203
2020-07-15 00:00:00+00:00,1,1000000.0,0.0,2.909059893587426
2020-07-16 00:00:00+00:00,1,1000000.0,0.0,2.818649172466319
2020-07-17 00:00:00+00:00,1,1000000.0,0.0,2.82842466287474
2020-07-20 00:00:00+00:00,1,1000000.0,0.0,2.8824356932287296
2020-07-21 00:00:00+00:00,1,1000000.0,0.0,2.598958803242385
2020-07-22 00:00:00+00:00,1,1000000.0,0.0,2.493318383244193
2020-07-23 00:00:00+00:00,1,1000000.0,0.0,1.6752837981664768
2020-07-24 00:00:00+00:00,1,1000000.0,0.0,1.1785399869020279
2020-07-27 00:00:00+00:00,1,1000000.0,0.0,0.31833157671461
2020-07-28 00:00:00+00:00,1,1000000.0,0.0,-0.7163500785040675
2020-07-29 00:00:00+00:00,1,1000000.0,0.0,-1.9308650528659657
2020-07-30 00:00:00+00:00,1,999975.0,-2.5e-05,-3.476576237097433
2020-07-31 00:00:00+00:00,1,998525.4787302064,-0.0014495575087313404,-5.298054953263764
2020-08-03 00:00:00+00:00,1,993967.6794343698,-0.0045645297921016546,-6.752150396396514
2020-08-04 00:00:00+00:00,1,1003214.3407589995,0.009302778667704376,-8.154636770838644
2020-08-05 00:00:00+00:00,1,1002763.181095055,-0.0004497141294881933,-9.459599826278684
2020-08-06 00:00:00+00:00,1,1004649.1381859052,0.0018807602097941861,-10.561820196398244
2020-08-07 00:00:00+00:00,1,1002829.9150064703,-0.0018108044990909592,-11.973806452896346
2020-08-10 00:00:00+00:00,1,999329.3467871225,-0.003490689863719467,-12.567341218992382
2020-08-11 00:00:00+00:00,1,999329.3467871225,0.0,-13.828615332987525
2020-08-12 00:00:00+00:00,1,999329.3467871225,0.0,-15.215856922965846
2020-08-13 00:00:00+00:00,1,999329.3467871225,0.0,-15.910369168849575
2020-08-14 00:00:00+00:00,1,999329.3467871225,0.0,-16.249299779108604
2020-08-17 00:00:00+00:00,1,999329.3467871225,0.0,-16.079891885202
2020-08-18 00:00:00+00:00,1,999329.3467871225,0.0,-12.51866522397646
2020-08-19 00:00:00+00:00,1,999329.3467871225,0.0,-10.475365700654162
2020-08-20 00:00:00+00:00,1,999329.3467871225,0.0,-9.487118594948747
2020-08-21 00:00:00+00:00,1,999329.3467871225,0.0,-8.670838368604372
2020-08-24 00:00:00+00:00,1,999329.3467871225,0.0,-7.241132412267836
2020-08-25 00:00:00+00:00,1,999329.3467871225,0.0,-5.844619232952612
2020-08-26 00:00:00+00:00,1,999329.3467871225,0.0,-5.0137055087052085
2020-08-27 00:00:00+00:00,1,999329.3467871225,0.0,-4.121164158880875
2020-08-28 00:00:00+00:00,1,999329.3467871225,0.0,-3.1918320678460637
2020-08-31 00:00:00+00:00,1,999329.3467871225,0.0,-2.000863519591662
2020-09-01 00:00:00+00:00,1,999329.3467871225,0.0,-1.377371354155982
2020-09-02 00:00:00+00:00,1,999329.3467871225,0.0,-0.6262406294697431
2020-09-03 00:00:00+00:00,1,999329.3467871225,0.0,0.09037044736257194
2020-09-04 00:00:00+00:00,1,999329.3467871225,0.0,0.7148929266235173
2020-09-08 00:00:00+00:00,1,999329.3467871225,0.0,1.0895166587529208
2020-09-09 00:00:00+00:00,1,999329.3467871225,0.0,1.5266662099808452
2020-09-10 00:00:00+00:00,1,999329.3467871225,0.0,1.769701362569137
2020-09-11 00:00:00+00:00,1,999329.3467871225,0.0,1.9356461996709218
2020-09-14 00:00:00+00:00,1,999329.3467871225,0.0,1.934826549809738
2020-09-15 00:00:00+00:00,1,999329.3467871225,0.0,2.2748416906791458
2020-09-16 00:00:00+00:00,1,999329.3467871225,0.0,2.6095762700580947
2020-09-17 00:00:00+00:00,1,999329.3467871225,0.0,2.47668889916356
2020-09-18 00:00:00+00:00,1,999329.3467871225,0.0,2.2322963729832614
2020-09-21 00:00:00+00:00,1,999329.3467871225,0.0,1.7777672835620448
2020-09-22 00:00:00+00:00,1,999329.3467871225,0.0,1.3352933983199717
2020-09-23 00:00:00+00:00,1,999329.3467871225,0.0,0.893946604730262
2020-09-24 00:00:00+00:00,1,999329.3467871225,0.0,0.36099919386763
2020-09-25 00:00:00+00:00,1,999329.3467871225,0.0,-0.3881591343422217
2020-09-28 00:00:00+00:00,1,999329.3467871225,0.0,-1.0580186453708764
2020-09-29 00:00:00+00:00,1,999329.3467871225,0.0,-1.6627957619678702
2020-09-30 00:00:00+00:00,1,999329.3467871225,0.0,-1.5615089234253645
2020-10-01 00:00:00+00:00,2,1000000.0,0.0,-1.2952886904081842
2020-10-02 00:00:00+00:00,2,1000000.0,0.0,-1.615283415175611
2020-10-05 00:00:00+00:00,2,1000000.0,0.0,-1.9734650494120256
2020-10-06 00:00:00+00:00,2,1000000.0,0.0,-2.0258989220588344
2020-10-07 00:00:00+00:00,2,1000000.0,0.0,-1.807873572528747
2020-10-08 00:00:00+00:00,2,1000000.0,0.0,-1.7770591100750392
2020-10-09 00:00:00+00:00,2,1000000.0,0.0,-1.898128739652405
2020-10-12 00:00:00+00:00,2,1000000.0,0.0,-1.8556502380201625
2020-10-13 00:00:00+00:00,2,1000000.0,0.0,-1.4201388325265558
2020-10-14 00:00:00+00:00,2,1000000.0,0.0,-1.0293758091938923
2020-10-15 00:00:00+00:00,2,1000000.0,0.0,-0.5470228352049853
2020-10-16 00:00:00+00:00,2,1000000.0,0.0,-0.1557612561702566
2020-10-19 00:00:00+00:00,2,1000000.0,0.0,-0.21070523129515717
2020-10-20 00:00:00+00:00,2,1000000.0,0.0,-0.36710427888874886
2020-10-21 00:00:00+00:00,2,1000000.0,0.0,-0.7061294541247198
2020-10-22 00:00:00+00:00,2,1000000.0,0.0,-0.7037017461728547
2020-10-23 00:00:00+00:00,2,1000000.0,0.0,-0.8511823908746852
2020-10-26 00:00:00+00:00,2,1000000.0,0.0,-0.9524392098166956
2020-10-27 00:00:00+00:00,2,1000000.0,0.0,-0.938347668578067
2020-10-28 00:00:00+00:00,2,1000000.0,0.0,-0.9070079668249553
2020-10-29 00:00:00+00:00,2,1000000.0,0.0,-0.9800133849317261
2020-10-30 00:00:00+00:00,2,1000000.0,0.0,-1.0607910326548167
2020-11-02 00:00:00+00:00,2,1000000.0,0.0,-1.2033365182701061
2020-11-03 00:00:00+00:00,2,1000000.0,0.0,-1.521397393331517
2020-11-04 00:00:00+00:00,2,1000000.0,0.0,-1.6811838090194087
2020-11-05 00:00:00+00:00,2,1000000.0,0.0,-1.8506648566613935
2020-11-06 00:00:00+00:00,2,1000000.0,0.0,-1.7027629037051328
2020-11-09 00:00:00+00:00,2,1000000.0,0.0,-1.4551267315933192
2020-11-10 00:00:00+00:00,2,1000000.0,0.0,-1.5142469335790922
2020-11-11 00:00:00+00:00,2,1000000.0,0.0,-1.5103308951624363
2020-11-12 00:00:00+00:00,2,1000000.0,0.0,-1.502429438833163
2020-11-13 00:00:00+00:00,2,1000000.0,0.0,-1.4706305350322664
2020-11-16 00:00:00+00:00,2,1000000.0,0.0,-1.610411729216775
2020-11-17 00:00:00+00:00,2,1000000.0,0.0,-1.5776273985016216
2020-11-18 00:00:00+00:00,2,1000000.0,0.0,-1.4979923815015583
2020-11-19 00:00:00+00:00,2,1000000.0,0.0,-1.1512167578202526
2020-11-20 00:00:00+00:00,2,1000000.0,0.0,-0.8870136919272067
2020-11-23 00:00:00+00:00,2,1000000.0,0.0,-0.5927874438220817
2020-11-24 00:00:00+00:00,2,1000000.0,0.0,-0.46453503764279436
2020-11-25 00:00:00+00:00,2,1000000.0,0.0,-0.08133057467399851
2020-11-27 00:00:00+00:00,2,1000000.0,0.0,-0.0002093459943113274
2020-11-30 00:00:00+00:00,2,1000000.0,0.0,0.04411609500559077
2020-12-01 00:00:00+00:00,2,1000000.0,0.0,-0.19659426329767182
2020-12-02 00:00:00+00:00,2,1000000.0,0.0,-0.3733425547396765
2020-12-03 00:00:00+00:00,2,1000000.0,0.0,-0.9371953174390839
2020-12-04 00:00:00+00:00,2,1000000.0,0.0,-1.2653516227851593
2020-12-07 00:00:00+00:00,2,1000000.0,0.0,-1.6811141615415561
2020-12-08 00:00:00+00:00,2,1000000.0,0.0,-2.261282124668784
2020-12-09 00:00:00+00:00,2,1000000.0,0.0,-2.3174900181353424
2020-12-10 00:00:00+00:00,2,1000000.0,0.0,-1.8251475014467644
2020-12-11 00:00:00+00:00,2,1000000.0,0.0,-0.684093014050327
2020-12-14 00:00:00+00:00,2,1000000.0,0.0,0.36911247364567057
2020-12-15 00:00:00+00:00,2,999990.0,-1e-05,2.000754804727127
2020-12-16 00:00:00+00:00,2,999689.4107957993,-0.0003005922101227611,4.339102353857335
2020-12-17 00:00:00+00:00,2,999953.9552204113,0.00026462661478165403,5.551695514289948
2020-12-18 00:00:00+00:00,2,1000237.8828323508,0.00028394068592579234,4.953462329970055
2020-12-21 00:00:00+00:00,2,1001944.5255679701,0.0017062368511645144,3.7663260140248656
2020-12-22 00:00:00+00:00,2,1001774.5737953758,-0.00016962193839825473,0.7157343188664216
2020-12-23 00:00:00+00:00,2,1001452.6185357124,-0.00032138493837353596,-2.2580032032524526
2020-12-24 00:00:00+00:00,2,1001459.6815988505,7.052818083886918e-06,3.2546533804429525
2020-12-28 00:00:00+00:00,2,1001095.8655323619,-0.00036328578491326175,2.4792269052823075
2020-12-29 00:00:00+00:00,2,1001785.7137511877,0.0006890930654867057,1.5443225927517759
2020-12-30 00:00:00+00:00,2,1001636.978378169,-0.00014847024765577755,1.528393123552024
2020-12-31 00:00:00+00:00,2,1001647.8763372274,1.0880148490575492e-05,-0.3301001989823593
2021-01-04 00:00:00+00:00,3,1000000.0,0.0,-1.8728025481132722
2021-01-05 00:00:00+00:00,3,1000000.0,0.0,-1.3915718285835315
2021-01-06 00:00:00+00:00,3,1000000.0,0.0,-2.138761264599607
2021-01-07 00:00:00+00:00,3,1000000.0,0.0,-0.9014687441759124
2021-01-08 00:00:00+00:00,3,1000000.0,0.0,-0.9131162289756416
2021-01-11 00:00:00+00:00,3,1000000.0,0.0,0.005211354085606246
2021-01-12 00:00:00+00:00,3,1000000.0,0.0,-0.6372006339409619
2021-01-13 00:00:00+00:00,3,1000000.0,0.0,-0.857604630175917
2021-01-14 00:00:00+00:00,3,1000000.0,0.0,-0.5090658526319887
2021-01-15 00:00:00+00:00,3,1000000.0,0.0,-0.6648350821287909
2021-01-19 00:00:00+00:00,3,1000000.0,0.0,-1.6340037162785475
2021-01-20 00:00:00+00:00,3,1000000.0,0.0,-2.1370386849501655
2021-01-21 00:00:00+00:00,3,1000000.0,0.0,-1.7289596122036883
2021-01-22 00:00:00+00:00,3,1000000.0,0.0,-1.1544797716625395
2021-01-25 00:00:00+00:00,3,1000000.0,0.0,-0.48825789258752117
2021-01-26 00:00:00+00:00,3,1000000.0,0.0,-0.14150621942009334
2021-01-27 00:00:00+00:00,3,1000000.0,0.0,-0.17674569238994042
2021-01-28 00:00:00+00:00,3,1000000.0,0.0,-0.6218453034665314
2021-01-29 00:00:00+00:00,3,1000000.0,0.0,-0.9472213209992555
2021-02-01 00:00:00+00:00,3,1000000.0,0.0,-1.4269920528204327
2021-02-02 00:00:00+00:00,3,1000000.0,0.0,-1.2753701317839061
2021-02-03 00:00:00+00:00,3,1000000.0,0.0,-0.42825944271688865
2021-02-04 00:00:00+00:00,3,1000000.0,0.0,0.16494985791453942
2021-02-05 00:00:00+00:00,3,1000000.0,0.0,1.017573072796187
2021-02-08 00:00:00+00:00,3,1000000.0,0.0,1.564707410584556
2021-02-09 00:00:00+00:00,3,1000000.0,0.0,2.2687631067267193
2021-02-10 00:00:00+00:00,3,1000000.0,0.0,2.6565808838687888
2021-02-11 00:00:00+00:00,3,1000000.0,0.0,2.848715483493555
2021-02-12 00:00:00+00:00,3,1000000.0,0.0,3.1446868392208867
2021-02-16 00:00:00+00:00,3,1000000.0,0.0,2.9745219419822755
2021-02-17 00:00:00+00:00,3,1000000.0,0.0,3.2114388612885145
2021-02-18 00:00:00+00:00,3,1000000.0,0.0,3.351892067897402
2021-02-19 00:00:00+00:00,3,1000000.0,0.0,3.561385611387954
2021-02-22 00:00:00+00:00,3,1000000.0,0.0,3.6448640374473555
2021-02-23 00:00:00+00:00,3,1000000.0,0.0,3.711604706926721
2021-02-24 00:00:00+00:00,3,1000000.0,0.0,3.6999475032374507
2021-02-25 00:00:00+00:00,3,1000000.0,0.0,3.6192097419795792
2021-02-26 00:00:00+00:00,3,1000000.0,0.0,3.30440273636504
2021-03-01 00:00:00+00:00,3,1000000.0,0.0,3.1920414455709247
2021-03-02 00:00:00+00:00,3,1000000.0,0.0,3.057894226778246
2021-03-03 00:00:00+00:00,3,1000000.0,0.0,2.8462906402672017
2021-03-04 00:00:00+00:00,3,1000000.0,0.0,2.1595418535006043
2021-03-05 00:00:00+00:00,3,1000000.0,0.0,1.336700077282451
2021-03-08 00:00:00+00:00,3,1000000.0,0.0,0.933707930492377
2021-03-09 00:00:00+00:00,3,1000000.0,0.0,0.40313484057312543
2021-03-10 00:00:00+00:00,3,1000000.0,0.0,0.19120272204053634
2021-03-11 00:00:00+00:00,3,1000000.0,0.0,-0.04067966722961991
2021-03-12 00:00:00+00:00,3,1000000.0,0.0,-0.2715790049198237
2021-03-15 00:00:00+00:00,3,1000000.0,0.0,-0.41646513729884305
2021-03-16 00:00:00+00:00,3,1000000.0,0.0,-0.5179136505247328
2021-03-17 00:00:00+00:00,3,1000000.0,0.0,-0.6040026540186858
2021-03-18 00:00:00+00:00,3,1000000.0,0.0,-0.6517990085882506
2021-03-19 00:00:00+00:00,3,1000000.0,0.0,-0.7408427460332838
2021-03-22 00:00:00+00:00,3,1000000.0,0.0,-0.7986416090782456
2021-03-23 00:00:00+00:00,3,1000000.0,0.0,-0.8730832350339517
2021-03-24 00:00:00+00:00,3,1000000.0,0.0,-0.8547706926857543
2021-03-25 00:00:00+00:00,3,1000000.0,0.0,-0.844507212719102
2021-03-26 00:00:00+00:00,3,1000000.0,0.0,-0.7986532380161355
2021-03-29 00:00:00+00:00,3,1000000.0,0.0,-0.8183076700907277
2021-03-30 00:00:00+00:00,3,1000000.0,0.0,-0.6470805368191748
2021-03-31 00:00:00+00:00,3,1000000.0,0.0,-0.7233614695332156
2021-04-01 00:00:00+00:00,4,1000000.0,0.0,-0.625103307330547
2021-04-05 00:00:00+00:00,4,1000000.0,0.0,-0.5067199999746466
2021-04-06 00:00:00+00:00,4,1000000.0,0.0,-0.1588541393688372
2021-04-07 00:00:00+00:00,4,1000000.0,0.0,-0.08446144672122813
2021-04-08 00:00:00+00:00,4,1000000.0,0.0,0.12669241734252257
2021-04-09 00:00:00+00:00,4,1000000.0,0.0,0.5033882676822388
2021-04-12 00:00:00+00:00,4,1000000.0,0.0,0.6594075812877445
2021-04-13 00:00:00+00:00,4,1000000.0,0.0,1.668133297471757
2021-04-14 00:00:00+00:00,4,1000000.0,0.0,2.4544123496924284
2021-04-15 00:00:00+00:00,4,1000000.0,0.0,2.8922473419088734
2021-04-16 00:00:00+00:00,4,1000000.0,0.0,2.851765149750247
2021-04-19 00:00:00+00:00,4,1000000.0,0.0,2.9373734886754717
2021-04-20 00:00:00+00:00,4,1000000.0,0.0,2.9453371721054253
2021-04-21 00:00:00+00:00,4,1000000.0,0.0,3.2960063680201204
2021-04-22 00:00:00+00:00,4,1000000.0,0.0,3.274241793851319
2021-04-23 00:00:00+00:00,4,1000000.0,0.0,3.4068469847821596
2021-04-26 00:00:00+00:00,4,1000000.0,0.0,3.3067371571450255
2021-04-27 00:00:00+00:00,4,1000000.0,0.0,3.0867706782798328
2021-04-28 00:00:00+00:00,4,1000000.0,0.0,2.7101922394224864
2021-04-29 00:00:00+00:00,4,1000000.0,0.0,2.532268187507401
2021-04-30 00:00:00+00:00,4,1000000.0,0.0,2.382783411193692
2021-05-03 00:00:00+00:00,4,1000000.0,0.0,2.3250411271663833
2021-05-04 00:00:00+00:00,4,1000000.0,0.0,2.320182911654821
2021-05-05 00:00:00+00:00,4,1000000.0,0.0,2.23598240034315
2021-05-06 00:00:00+00:00,4,1000000.0,0.0,2.308308526100671
2021-05-07 00:00:00+00:00,4,1000000.0,0.0,2.3892269161931416
2021-05-10 00:00:00+00:00,4,1000000.0,0.0,2.41168512052048
2021-05-11 00:00:00+00:00,4,1000000.0,0.0,2.3084838145016198
2021-05-12 00:00:00+00:00,4,1000000.0,0.0,2.2320811167534527
2021-05-13 00:00:00+00:00,4,1000000.0,0.0,2.052621891847742
2021-05-14 00:00:00+00:00,4,1000000.0,0.0,1.3455004483186848
2021-05-17 00:00:00+00:00,4,1000000.0,0.0,0.7964639531236872
2021-05-18 00:00:00+00:00,4,1000000.0,0.0,0.2524046864858773
2021-05-19 00:00:00+00:00,4,1000000.0,0.0,-0.5060737673588154
2021-05-20 00:00:00+00:00,4,1000000.0,0.0,-0.897237040286404
2021-05-21 00:00:00+00:00,4,1000000.0,0.0,-1.2299380307650063
2021-05-24 00:00:00+00:00,4,1000000.0,0.0,-1.4369644834460136
2021-05-25 00:00:00+00:00,4,1000000.0,0.0,-0.9854402466186176
2021-05-26 00:00:00+00:00,4,1000000.0,0.0,-0.7555485152900197
2021-05-27 00:00:00+00:00,4,1000000.0,0.0,-0.5935841330625662
2021-05-28 00:00:00+00:00,4,1000000.0,0.0,-0.4943247810673297
2021-06-01 00:00:00+00:00,4,1000000.0,0.0,-0.0043655744446366995
2021-06-02 00:00:00+00:00,4,1000000.0,0.0,0.3080469788997897
2021-06-03 00:00:00+00:00,4,1000000.0,0.0,0.6664682856878374
2021-06-04 00:00:00+00:00,4,1000000.0,0.0,1.1803515905332946
2021-06-07 00:00:00+00:00,4,1000000.0,0.0,1.5513799468610858
2021-06-08 00:00:00+00:00,4,1000000.0,0.0,1.8140615241322045
2021-06-09 00:00:00+00:00,4,1000000.0,0.0,2.034571756921343
2021-06-10 00:00:00+00:00,4,1000000.0,0.0,2.2374660238084925
2021-06-11 00:00:00+00:00,4,1000000.0,0.0,2.2303532519236335
2021-06-14 00:00:00+00:00,4,1000000.0,0.0,2.2618420076489154
2021-06-15 00:00:00+00:00,4,1000000.0,0.0,2.2627828515710244
2021-06-16 00:00:00+00:00,4,1000000.0,0.0,2.2897184733284806
2021-06-17 00:00:00+00:00,4,1000000.0,0.0,2.3468051962569176
2021-06-18 00:00:00+00:00,4,1000000.0,0.0,2.2158026777456614
2021-06-21 00:00:00+00:00,4,1000000.0,0.0,2.10147818182944
2021-06-22 00:00:00+00:00,4,1000000.0,0.0,2.063984360805551
2021-06-23 00:00:00+00:00,4,1000000.0,0.0,2.0577966538033374
2021-06-24 00:00:00+00:00,4,1000000.0,0.0,2.040256228485114
2021-06-25 00:00:00+00:00,4,1000000.0,0.0,1.9602209351782554
2021-06-28 00:00:00+00:00,4,1000000.0,0.0,1.9731850741787365
2021-06-29 00:00:00+00:00,4,1000000.0,0.0,1.9685017699877658
2021-06-30 00:00:00+00:00,4,1000000.0,0.0,1.8994037241379065
2021-07-01 00:00:00+00:00,5,1000000.0,0.0,1.6228324228761486
2021-07-02 00:00:00+00:00,5,1000000.0,0.0,1.2490568917849143
2021-07-06 00:00:00+00:00,5,1000000.0,0.0,0.7319597707927161
2021-07-07 00:00:00+00:00,5,1000000.0,0.0,0.40771087935683514
2021-07-08 00:00:00+00:00,5,1000000.0,0.0,0.36392928233630695
2021-07-09 00:00:00+00:00,5,1000000.0,0.0,0.2665971711337898
2021-07-12 00:00:00+00:00,5,1000000.0,0.0,0.030624533570573043
2021-07-13 00:00:00+00:00,5,1000000.0,0.0,-0.23929579460824968
2021-07-14 00:00:00+00:00,5,1000000.0,0.0,-0.4552776279502142
2021-07-15 00:00:00+00:00,5,1000000.0,0.0,-0.8476293286503704
2021-07-16 00:00:00+00:00,5,1000000.0,0.0,-1.1328669653802734
2021-07-19 00:00:00+00:00,5,1000000.0,0.0,-1.2298547111469702
2021-07-21 00:00:00+00:00,5,1000000.0,0.0,-0.08323477495554243
2021-07-22 00:00:00+00:00,5,999988.5112353109,-1.1488764689071103e-05,4.42076685240469
2021-07-23 00:00:00+00:00,5,999173.0154286108,-0.0008155051758471524,4.573162091916322
2021-07-26 00:00:00+00:00,5,998122.849839862,-0.0010510347782945171,4.63406635673736
2021-07-27 00:00:00+00:00,5,998246.6047216649,0.0001239876251934333,4.655690564252667
2021-07-28 00:00:00+00:00,5,995930.8975692139,-0.0023197746343416956,4.718985230579797
2021-07-29 00:00:00+00:00,5,995930.8975692139,0.0,4.794535402164023
2021-07-30 00:00:00+00:00,5,995930.8975692139,0.0,4.885528556874237
2021-08-02 00:00:00+00:00,5,995930.8975692139,0.0,4.954816296969053
2021-08-03 00:00:00+00:00,5,995930.8975692139,0.0,5.04542329716107
2021-08-04 00:00:00+00:00,5,995930.8975692139,0.0,5.1378723699013475
2021-08-05 00:00:00+00:00,5,995930.8975692139,0.0,5.145032051820222
2021-08-06 00:00:00+00:00,5,995930.8975692139,0.0,5.1430926258049885
2021-08-09 00:00:00+00:00,5,995930.8975692139,0.0,5.135051939205856
2021-08-10 00:00:00+00:00,5,995930.8975692139,0.0,5.127779123809307
2021-08-11 00:00:00+00:00,5,995930.8975692139,0.0,5.13626005997502
2021-08-12 00:00:00+00:00,5,995930.8975692139,0.0,5.132143602196389
2021-08-13 00:00:00+00:00,5,995930.8975692139,0.0,5.176245232462641
2021-08-16 00:00:00+00:00,5,995930.8975692139,0.0,5.170632503276703
2021-08-17 00:00:00+00:00,5,995930.8975692139,0.0,5.189073284370273
2021-08-18 00:00:00+00:00,5,995930.8975692139,0.0,5.182700626457736
2021-08-19 00:00:00+00:00,5,995930.8975692139,0.0,5.208954631535254
2021-08-20 00:00:00+00:00,5,995930.8975692139,0.0,5.235015170841979
2021-08-23 00:00:00+00:00,5,995930.8975692139,0.0,5.2908920213689195
2021-08-24 00:00:00+00:00,5,995930.8975692139,0.0,5.296338389337167
2021-08-25 00:00:00+00:00,5,995930.8975692139,0.0,5.335880525588111
2021-08-26 00:00:00+00:00,5,995930.8975692139,0.0,5.358002897179051
2021-08-27 00:00:00+00:00,5,995930.8975692139,0.0,5.428822552643384
2021-08-30 00:00:00+00:00,5,995930.8975692139,0.0,5.403897250957984
2021-08-31 00:00:00+00:00,5,995930.8975692139,0.0,5.260255143913525
2021-09-01 00:00:00+00:00,5,995930.8975692139,0.0,0.8423032354781443
2021-09-02 00:00:00+00:00,5,995930.8975692139,0.0,1.362154631341459
2021-09-03 00:00:00+00:00,5,995930.8975692139,0.0,1.7927805533252812
2021-09-07 00:00:00+00:00,5,995930.8975692139,0.0,2.278158295561316
2021-09-08 00:00:00+00:00,5,995930.8975692139,0.0,2.7902867572992065
2021-09-09 00:00:00+00:00,5,995930.8975692139,0.0,3.497656958028499
2021-09-10 00:00:00+00:00,5,995930.8975692139,0.0,3.9009072330815666
2021-09-13 00:00:00+00:00,5,995930.8975692139,0.0,4.287441922710658
2021-09-14 00:00:00+00:00,5,995930.8975692139,0.0,4.456064217142909
2021-09-15 00:00:00+00:00,5,995930.8975692139,0.0,4.5041817166329965
2021-09-16 00:00:00+00:00,5,995930.8975692139,0.0,4.379529047512891
2021-09-17 00:00:00+00:00,5,995930.8975692139,0.0,4.1336473319579365
2021-09-20 00:00:00+00:00,5,995930.8975692139,0.0,4.057972416275159
2021-09-21 00:00:00+00:00,5,995930.8975692139,0.0,3.9320608344601577
2021-09-22 00:00:00+00:00,5,995930.8975692139,0.0,3.8649836232833623
2021-09-23 00:00:00+00:00,5,995930.8975692139,0.0,3.884076645399045
2021-09-24 00:00:00+00:00,5,995930.8975692139,0.0,3.7760574608905246
2021-09-27 00:00:00+00:00,5,995930.8975692139,0.0,3.726454912334411
2021-09-28 00:00:00+00:00,5,995930.8975692139,0.0,3.3581577828537634
2021-09-29 00:00:00+00:00,5,995930.8975692139,0.0,2.949768763254741
2021-09-30 00:00:00+00:00,5,995930.8975692139,0.0,2.1081001368801453
2021-10-01 00:00:00+00:00,6,1000000.0,0.0,1.5421148258022557
2021-10-04 00:00:00+00:00,6,1000000.0,0.0,0.8352862836643662
2021-10-05 00:00:00+00:00,6,1000000.0,0.0,0.921011202413283
2021-10-06 00:00:00+00:00,6,1000000.0,0.0,0.9881548701714444
2021-10-07 00:00:00+00:00,6,1000000.0,0.0,1.0600145392365303
2021-10-08 00:00:00+00:00,6,1000000.0,0.0,1.1904348159511215
2021-10-11 00:00:00+00:00,6,1000000.0,0.0,1.3266751029984851
2021-10-12 00:00:00+00:00,6,1000000.0,0.0,1.6059380014470293
2021-10-13 00:00:00+00:00,6,1000000.0,0.0,1.935829076742197
2021-10-14 00:00:00+00:00,6,1000000.0,0.0,2.263493076012094
2021-10-15 00:00:00+00:00,6,1000000.0,0.0,2.2548330697724874
2021-10-18 00:00:00+00:00,6,1000000.0,0.0,2.2624237545708823
2021-10-19 00:00:00+00:00,6,1000000.0,0.0,1.986601967013089
2021-10-20 00:00:00+00:00,6,1000000.0,0.0,1.5953556724791942
2021-10-21 00:00:00+00:00,6,1000000.0,0.0,1.208969861425372
2021-10-22 00:00:00+00:00,6,999975.0,-2.5e-05,0.41361502404739525
2021-10-25 00:00:00+00:00,6,998788.4517948128,-0.001186577869633936,-0.47095958456001963
2021-10-26 00:00:00+00:00,6,992318.551622461,-0.006477748276650089,-1.2405268374320997
2021-10-27 00:00:00+00:00,6,992318.551622461,0.0,-1.2075793354873365
2021-10-28 00:00:00+00:00,6,992318.551622461,0.0,-1.2937265494871149
2021-10-29 00:00:00+00:00,6,992318.551622461,0.0,-0.8942764839590716
2021-11-01 00:00:00+00:00,6,992318.551622461,0.0,-0.3662699380016017
2021-11-02 00:00:00+00:00,6,992318.551622461,0.0,-0.17801303540692626
2021-11-03 00:00:00+00:00,6,992318.551622461,0.0,0.01804287043923747
2021-11-04 00:00:00+00:00,6,992318.551622461,0.0,-0.007050564381737345
2021-11-05 00:00:00+00:00,6,992318.551622461,0.0,0.17527712694405473
2021-11-08 00:00:00+00:00,6,992318.551622461,0.0,0.46192550189414394
2021-11-09 00:00:00+00:00,6,992318.551622461,0.0,0.3504054082349892
2021-11-10 00:00:00+00:00,6,992318.551622461,0.0,0.3113404539905824
2021-11-11 00:00:00+00:00,6,992318.551622461,0.0,0.4192892408034625
2021-11-12 00:00:00+00:00,6,992318.551622461,0.0,0.43601660883773263
2021-11-15 00:00:00+00:00,6,992318.551622461,0.0,0.431405070492783
2021-11-16 00:00:00+00:00,6,992318.551622461,0.0,0.461421057309253
2021-11-17 00:00:00+00:00,6,992318.551622461,0.0,0.42478898639009
2021-11-18 00:00:00+00:00,6,992318.551622461,0.0,0.39802057768863985
2021-11-19 00:00:00+00:00,6,992318.551622461,0.0,0.3660244764882119
2021-11-22 00:00:00+00:00,6,992318.551622461,0.0,0.4354019275854091
2021-11-23 00:00:00+00:00,6,992318.551622461,0.0,0.48961659128008606
2021-11-24 00:00:00+00:00,6,992318.551622461,0.0,0.5923632928988685
2021-11-26 00:00:00+00:00,6,992318.551622461,0.0,0.5644220687763086
2021-11-29 00:00:00+00:00,6,992318.551622461,0.0,0.5445170682636453
2021-11-30 00:00:00+00:00,6,992318.551622461,0.0,0.4939070977215261
2021-12-01 00:00:00+00:00,6,992318.551622461,0.0,0.39510577486696263
2021-12-02 00:00:00+00:00,6,992318.551622461,0.0,0.3502866876762134
2021-12-03 00:00:00+00:00,6,992318.551622461,0.0,0.28447787657843726
2021-12-06 00:00:00+00:00,6,992318.551622461,0.0,0.09133398239729029
2021-12-07 00:00:00+00:00,6,992318.551622461,0.0,-0.15084333793098548
2021-12-08 00:00:00+00:00,6,992318.551622461,0.0,-0.30895785642950013
2021-12-09 00:00:00+00:00,6,992318.551622461,0.0,-0.37044108401557096
2021-12-10 00:00:00+00:00,6,992318.551622461,0.0,-0.5467173198892459
2021-12-13 00:00:00+00:00,6,992318.551622461,0.0,-0.5184784183533742
2021-12-14 00:00:00+00:00,6,992318.551622461,0.0,-0.3550776153220392
2021-12-15 00:00:00+00:00,6,992318.551622461,0.0,-0.4175080438602006
2021-12-16 00:00:00+00:00,6,992318.551622461,0.0,-0.4311936037802919
2021-12-17 00:00:00+00:00,6,992318.551622461,0.0,-0.504703944217229
2021-12-20 00:00:00+00:00,6,992318.551622461,0.0,-0.17767254758657813
2021-12-21 00:00:00+00:00,6,992318.551622461,0.0,0.02622337294664767
2021-12-22 00:00:00+00:00,6,992318.551622461,0.0,0.1300069784376685
2021-12-23 00:00:00+00:00,6,992318.551622461,0.0,0.16914279226168283
2021-12-27 00:00:00+00:00,6,992318.551622461,0.0,0.29241271889294573
2021-12-28 00:00:00+00:00,6,992318.551622461,0.0,0.26566025413726013
2021-12-29 00:00:00+00:00,6,992318.551622461,0.0,0.24511855473052435
2021-12-30 00:00:00+00:00,6,992318.551622461,0.0,0.2567845211356454
2021-12-31 00:00:00+00:00,6,992318.551622461,0.0,0.2676409664743735
2022-01-03 00:00:00+00:00,7,1000000.0,0.0,0.33502338704747103
2022-01-04 00:00:00+00:00,7,1000000.0,0.0,0.42605863789625253
2022-01-05 00:00:00+00:00,7,1000000.0,0.0,0.4548823435606524
2022-01-06 00:00:00+00:00,7,1000000.0,0.0,0.4467206378632538
2022-01-07 00:00:00+00:00,7,1000000.0,0.0,0.366502473679148
2022-01-10 00:00:00+00:00,7,1000000.0,0.0,0.36965274303382234
2022-01-11 00:00:00+00:00,7,1000000.0,0.0,0.401333584736669
2022-01-12 00:00:00+00:00,7,1000000.0,0.0,0.7607173249654
2022-01-13 00:00:00+00:00,7,1000000.0,0.0,1.0626955449169704
2022-01-14 00:00:00+00:00,7,1000000.0,0.0,1.1488537806579737
2022-01-18 00:00:00+00:00,7,999975.0,-2.5e-05,1.2776253275678875
2022-01-19 00:00:00+00:00,7,999254.2764671764,-0.0007207415513623969,1.2745514837648053
2022-01-20 00:00:00+00:00,7,999827.7482953566,0.0005738997987656711,1.1696169085890151
2022-01-21 00:00:00+00:00,7,999862.7417966162,3.4999529988298285e-05,0.7491617101451604
2022-01-24 00:00:00+00:00,7,1001645.4276093753,0.001782930534601034,0.467821383688678
2022-01-25 00:00:00+00:00,7,1001846.7019264007,0.00020094367874838137,0.1762760416446909
2022-01-26 00:00:00+00:00,7,1005344.9071091245,0.0034917569484406094,-0.07848786030756827
2022-01-27 00:00:00+00:00,7,1008554.4367135632,0.003192466169314683,-0.2878953750232425
2022-01-28 00:00:00+00:00,7,1010144.23181579,0.0015763106525089772,-0.5991069280697134
2022-01-31 00:00:00+00:00,7,1009722.4577841129,-0.00041753842510082787,-0.8567429353972873
2022-02-01 00:00:00+00:00,7,1002420.8273665796,-0.007231324173532927,-0.8814527033015338
2022-02-02 00:00:00+00:00,7,1002420.8273665796,0.0,-0.8846454815758209
2022-02-03 00:00:00+00:00,7,1002420.8273665796,0.0,-0.8811578754166298
2022-02-04 00:00:00+00:00,7,1002420.8273665796,0.0,-0.848495805269228
2022-02-07 00:00:00+00:00,7,1002420.8273665796,0.0,-0.8537909172045177
2022-02-08 00:00:00+00:00,7,1002420.8273665796,0.0,-0.8399869360192289
2022-02-09 00:00:00+00:00,7,1002420.8273665796,0.0,-0.8383150022884189
2022-02-10 00:00:00+00:00,7,1002420.8273665796,0.0,-0.797615543477769
2022-02-11 00:00:00+00:00,7,1002420.8273665796,0.0,-0.8314223378008672
2022-02-14 00:00:00+00:00,7,1002420.8273665796,0.0,-0.9342399503124525
2022-02-15 00:00:00+00:00,7,1002420.8273665796,0.0,-1.0799963538983972
2022-02-16 00:00:00+00:00,7,1002420.8273665796,0.0,-0.9466259337149596
2022-02-17 00:00:00+00:00,7,1002420.8273665796,0.0,-0.8033222670266342
2022-02-18 00:00:00+00:00,7,1002420.8273665796,0.0,-0.8115839588195497
2022-02-22 00:00:00+00:00,7,1002420.8273665796,0.0,-0.8973257517104054
2022-02-23 00:00:00+00:00,7,1002420.8273665796,0.0,-0.924444759654456
2022-02-24 00:00:00+00:00,7,1002420.8273665796,0.0,-0.9810737505944376
2022-02-25 00:00:00+00:00,7,1002420.8273665796,0.0,-0.8950951475299593
2022-02-28 00:00:00+00:00,7,1002420.8273665796,0.0,-0.8554662905539026
2022-03-01 00:00:00+00:00,7,1002420.8273665796,0.0,-0.8081642978163588
2022-03-02 00:00:00+00:00,7,1002420.8273665796,0.0,-0.5107181993894212
2022-03-03 00:00:00+00:00,7,1002420.8273665796,0.0,-0.31451057641062796
2022-03-04 00:00:00+00:00,7,1002420.8273665796,0.0,-0.2226531308619295
2022-03-07 00:00:00+00:00,7,1002420.8273665796,0.0,-0.4026020389180909
2022-03-08 00:00:00+00:00,7,1002420.8273665796,0.0,-0.6223796068428467
2022-03-09 00:00:00+00:00,7,1002420.8273665796,0.0,-0.6447503723406767
2022-03-10 00:00:00+00:00,7,1002420.8273665796,0.0,-0.8017347880141488
2022-03-11 00:00:00+00:00,7,1002420.8273665796,0.0,-0.885682198872022
2022-03-14 00:00:00+00:00,7,1002420.8273665796,0.0,-0.8536149978896228
2022-03-15 00:00:00+00:00,7,1002420.8273665796,0.0,-0.8511332563591596
2022-03-16 00:00:00+00:00,7,1002420.8273665796,0.0,-0.9529657449637563
2022-03-17 00:00:00+00:00,7,1002420.8273665796,0.0,-0.8246476873298221
2022-03-18 00:00:00+00:00,7,1002420.8273665796,0.0,-0.7486888828938927
2022-03-21 00:00:00+00:00,7,1002420.8273665796,0.0,-0.09834650366212472
2022-03-22 00:00:00+00:00,7,1002420.8273665796,0.0,0.3478164541987079
2022-03-23 00:00:00+00:00,7,1002420.8273665796,0.0,0.7458222177196601
2022-03-24 00:00:00+00:00,7,1002420.8273665796,0.0,1.0616480534972172
2022-03-25 00:00:00+00:00,7,1002395.7668458954,-2.499999999994936e-05,1.6956791846509986
2022-03-28 00:00:00+00:00,7,1004331.6911296812,0.0019312973456355061,1.941203415986391
2022-03-29 00:00:00+00:00,7,1002170.1827492592,-0.002152185776385026,2.0440923015832597
2022-03-30 00:00:00+00:00,7,1003046.6531691385,0.0008745724378616793,1.996411967145297
2022-03-31 00:00:00+00:00,7,1011083.2234011574,0.008012159959486731,2.010641432113122
2022-04-01 00:00:00+00:00,8,1000000.0,0.0,2.2374348789449763
2022-04-04 00:00:00+00:00,8,999975.0,-2.5e-05,2.416997269730706
2022-04-05 00:00:00+00:00,8,998134.8190752611,-0.001840226930412134,2.530062369554119
2022-04-06 00:00:00+00:00,8,994052.8769092889,-0.004089569953840488,2.5585815497142224
2022-04-07 00:00:00+00:00,8,993187.5129061823,-0.0008705412188908842,2.4960817162007425
2022-04-08 00:00:00+00:00,8,991356.7311473618,-0.0018433394852734716,2.3702999030828917
2022-04-11 00:00:00+00:00,8,991356.7311473618,0.0,2.1746279929758083
2022-04-12 00:00:00+00:00,8,991356.7311473618,0.0,1.9245515968319462
2022-04-13 00:00:00+00:00,8,991356.7311473618,0.0,1.671436410267503
2022-04-14 00:00:00+00:00,8,991356.7311473618,0.0,1.4933025720211925
2022-04-18 00:00:00+00:00,8,991356.7311473618,0.0,1.2628605725648812
2022-04-19 00:00:00+00:00,8,991356.7311473618,0.0,1.0963497742921553
2022-04-20 00:00:00+00:00,8,991356.7311473618,0.0,0.900010299753331
2022-04-21 00:00:00+00:00,8,991356.7311473618,0.0,0.6361580157057429
2022-04-22 00:00:00+00:00,8,991356.7311473618,0.0,0.44644855874216294
2022-04-25 00:00:00+00:00,8,991356.7311473618,0.0,0.34682387677599547
2022-04-26 00:00:00+00:00,8,991356.7311473618,0.0,0.26004753980239315
2022-04-27 00:00:00+00:00,8,991356.7311473618,0.0,0.1494145402856546
2022-04-28 00:00:00+00:00,8,991356.7311473618,0.0,0.14229617556853214
2022-04-29 00:00:00+00:00,8,991356.7311473618,0.0,0.19495942397137878
2022-05-02 00:00:00+00:00,8,991356.7311473618,0.0,0.25555432669269607
2022-05-03 00:00:00+00:00,8,991356.7311473618,0.0,0.3584909972972037
2022-05-04 00:00:00+00:00,8,991356.7311473618,0.0,0.48226585071511696
2022-05-05 00:00:00+00:00,8,991356.7311473618,0.0,0.5937562466890403
2022-05-06 00:00:00+00:00,8,991356.7311473618,0.0,0.767740036836841
2022-05-09 00:00:00+00:00,8,991356.7311473618,0.0,0.9310504588706023
2022-05-10 00:00:00+00:00,8,991356.7311473618,0.0,1.1109772687336483
2022-05-11 00:00:00+00:00,8,991356.7311473618,0.0,1.3009601960008923
2022-05-12 00:00:00+00:00,8,991356.7311473618,0.0,1.6190309747839327
2022-05-13 00:00:00+00:00,8,991356.7311473618,0.0,1.9579061531426043
2022-05-16 00:00:00+00:00,8,991356.7311473618,0.0,2.108882685894993
2022-05-17 00:00:00+00:00,8,991356.7311473618,0.0,2.3489896643508548
2022-05-18 00:00:00+00:00,8,991356.7311473618,0.0,2.5881730293651755
2022-05-19 00:00:00+00:00,8,991331.9472290832,-2.4999999999956647e-05,2.9141634533906915
2022-05-20 00:00:00+00:00,8,992312.5350743242,0.0009891619532508302,3.151850501833563
2022-05-23 00:00:00+00:00,8,991819.422289955,-0.0004969329389075312,3.4753731813810154
2022-05-24 00:00:00+00:00,8,991722.494561819,-9.772719303294422e-05,3.7162478271186488
2022-05-25 00:00:00+00:00,8,989402.4820871706,-0.002339376677821039,3.8116230865149423
2022-05-26 00:00:00+00:00,8,993265.4888562447,0.0039043835436161555,3.942551673525908
2022-05-27 00:00:00+00:00,8,996430.4033792559,0.0031863731887590506,4.154846127819322
2022-05-31 00:00:00+00:00,8,995926.8616111783,-0.0005053456481957518,4.061124257923506
2022-06-01 00:00:00+00:00,8,994135.7123746274,-0.0017984746727819356,4.010368135477709
2022-06-02 00:00:00+00:00,8,994128.4834172073,-7.271600175021632e-06,4.144021782064862
2022-06-03 00:00:00+00:00,8,990517.7045832792,-0.003632104797476879,3.710533723105561
2022-06-06 00:00:00+00:00,8,990517.7045832792,0.0,3.3242080250650448
2022-06-07 00:00:00+00:00,8,990517.7045832792,0.0,2.94765047549107
2022-06-08 00:00:00+00:00,8,990517.7045832792,0.0,2.4835393765479803
2022-06-09 00:00:00+00:00,8,990517.7045832792,0.0,2.237706822953778
2022-06-10 00:00:00+00:00,8,990517.7045832792,0.0,2.0097485283866487
2022-06-13 00:00:00+00:00,8,990517.7045832792,0.0,1.6838224423833958
2022-06-14 00:00:00+00:00,8,990517.7045832792,0.0,1.3640357498993034
2022-06-15 00:00:00+00:00,8,990517.7045832792,0.0,0.8780363704710181
2022-06-16 00:00:00+00:00,8,990517.7045832792,0.0,0.4120369733316691
2022-06-17 00:00:00+00:00,8,990517.7045832792,0.0,-0.3570869905869616
2022-06-21 00:00:00+00:00,8,990517.7045832792,0.0,-0.8908829899065678
2022-06-22 00:00:00+00:00,8,990492.9416406646,-2.5000000000034238e-05,-1.2287561854481606
2022-06-23 00:00:00+00:00,8,989349.693913479,-0.0011542209733387042,-1.3305625960944854
2022-06-24 00:00:00+00:00,8,989467.7816577121,0.00011935895362333746,-1.5485788960960907
2022-06-27 00:00:00+00:00,8,989926.8771327261,0.00046398223724365977,-1.5193397145598881
2022-06-28 00:00:00+00:00,8,988638.4219959038,-0.0013015659707656892,-1.5594262970801553
2022-06-29 00:00:00+00:00,8,987499.8992585157,-0.0011516068079669142,-1.781145362986928
2022-06-30 00:00:00+00:00,8,988548.6009388734,0.0010619764935116684,-1.9702237169697119
2022-07-01 00:00:00+00:00,9,1000000.0,0.0,-2.0567080789679064
2022-07-05 00:00:00+00:00,9,999975.0,-2.5e-05,-2.191179522898154
2022-07-06 00:00:00+00:00,9,999551.785495551,-0.0004232250850761731,-2.268211972768099
2022-07-07 00:00:00+00:00,9,999511.9284315736,-3.9874936502301365e-05,-2.379265386435061
2022-07-08 00:00:00+00:00,9,999518.9835694947,7.058583014807602e-06,-2.4530411461486876
2022-07-11 00:00:00+00:00,9,1001619.4186911072,0.002101445951643066,-2.5173496269006357
2022-07-12 00:00:00+00:00,9,1000827.6446747122,-0.0007904938758372418,-2.6606674841501228
2022-07-13 00:00:00+00:00,9,1002547.745348494,0.0017186782189064025,-2.61112754418465
2022-07-14 00:00:00+00:00,9,1001938.2372480704,-0.0006079591752627627,-2.6592401424681027
2022-07-15 00:00:00+00:00,9,1002703.3736535358,0.0007636562584605556,-2.713201880945433
2022-07-18 00:00:00+00:00,9,1000750.4266366928,-0.0019476817054350655,-2.7149015333470787
2022-07-19 00:00:00+00:00,9,1000878.5175774564,0.00012799488998878363,-2.864170902212929
2022-07-20 00:00:00+00:00,9,1000238.7817832624,-0.0006391742683642268,-2.6185617704105075
2022-07-21 00:00:00+00:00,9,1001463.0357542244,0.001223961711201972,-2.226364855149285
2022-07-22 00:00:00+00:00,9,1002254.3342186013,0.000790142457710384,-1.8374832290092336
2022-07-25 00:00:00+00:00,9,1003597.9204891672,0.0013405641908382274,-1.511149281247425
2022-07-26 00:00:00+00:00,9,1002556.9795416718,-0.0010372091514378907,-1.0909887473438413
2022-07-27 00:00:00+00:00,9,1001587.0655254062,-0.0009674402912331827,-0.8054663573335281
2022-07-28 00:00:00+00:00,9,1001947.3240871017,0.00035968771372521123,-0.8736388678815459
2022-07-29 00:00:00+00:00,9,1005456.000459995,0.003501857122169681,-0.8434167922733753
2022-08-01 00:00:00+00:00,9,1007595.7076942762,0.0021280963396730617,-0.8417153075430264
2022-08-02 00:00:00+00:00,9,1002251.2025071781,-0.005304215913472107,-1.0846109063726042
2022-08-03 00:00:00+00:00,9,1002251.2025071781,0.0,-1.0628969657611638
2022-08-04 00:00:00+00:00,9,1002251.2025071781,0.0,-1.078474442295649
2022-08-05 00:00:00+00:00,9,1002251.2025071781,0.0,-1.2788330982617984
2022-08-08 00:00:00+00:00,9,1002251.2025071781,0.0,-1.3579290942460753
2022-08-09 00:00:00+00:00,9,1002251.2025071781,0.0,-1.5113069232015377
2022-08-10 00:00:00+00:00,9,1002251.2025071781,0.0,-1.5920999418562118
2022-08-11 00:00:00+00:00,9,1002251.2025071781,0.0,-1.6784639649160953
2022-08-12 00:00:00+00:00,9,1002251.2025071781,0.0,-1.7479731509516538
2022-08-15 00:00:00+00:00,9,1002251.2025071781,0.0,-1.7971876591882578
2022-08-16 00:00:00+00:00,9,1002251.2025071781,0.0,-1.86685956183491
2022-08-17 00:00:00+00:00,9,1002251.2025071781,0.0,-1.847289667213734
2022-08-18 00:00:00+00:00,9,1002251.2025071781,0.0,-1.8544881184291544
2022-08-19 00:00:00+00:00,9,1002251.2025071781,0.0,-1.7972682965453677
2022-08-22 00:00:00+00:00,9,1002251.2025071781,0.0,-1.722844585977934
2022-08-23 00:00:00+00:00,9,1002251.2025071781,0.0,-1.7086514524921963
2022-08-24 00:00:00+00:00,9,1002251.2025071781,0.0,-1.5877140665958924
2022-08-25 00:00:00+00:00,9,1002251.2025071781,0.0,-1.3703595567773474
2022-08-26 00:00:00+00:00,9,1002251.2025071781,0.0,-1.1939747377413426
2022-08-29 00:00:00+00:00,9,1002251.2025071781,0.0,-0.5512870787774364
2022-08-30 00:00:00+00:00,9,1002251.2025071781,0.0,0.2484618878472835
2022-08-31 00:00:00+00:00,9,1002251.2025071781,0.0,0.5771015321840269
2022-09-01 00:00:00+00:00,9,1002251.2025071781,0.0,0.8314025061012869
2022-09-02 00:00:00+00:00,9,1002226.1462271154,-2.4999999999970945e-05,1.0459805223443954
2022-09-06 00:00:00+00:00,9,1003216.2120823093,0.0009878667194235455,1.0773607892027406
2022-09-07 00:00:00+00:00,9,1003535.0144554059,0.00031778032417843684,1.061312025681755
2022-09-08 00:00:00+00:00,9,1000768.6349270117,-0.002756634784582428,1.0821358650374462
2022-09-09 00:00:00+00:00,9,1000942.5323139535,0.00017376382599611418,1.1038608954752673
2022-09-12 00:00:00+00:00,9,1003647.1479023137,0.002702068801200576,1.0890728905260052
2022-09-13 00:00:00+00:00,9,1002415.4931517326,-0.0012271790470937609,1.0404390911105281
2022-09-14 00:00:00+00:00,9,1001590.4549976198,-0.0008230500822754878,0.9834495752834114
2022-09-15 00:00:00+00:00,9,1001174.3187125988,-0.000415475489951704,0.90336993243243
2022-09-16 00:00:00+00:00,9,1003880.7976420101,0.002703304388482142,0.8237454843789185
2022-09-19 00:00:00+00:00,9,1005191.4995621062,0.0013056350148092663,0.8002442256561051
2022-09-20 00:00:00+00:00,9,1005247.5822505385,5.579303889530968e-05,0.7671124287397437
2022-09-21 00:00:00+00:00,9,1007076.5894753265,0.0018194594616116305,0.7431250128328517
2022-09-22 00:00:00+00:00,9,1008909.6039096946,0.0018201340926047075,0.6615584870193105
2022-09-23 00:00:00+00:00,9,1010184.984455421,0.0012641177572144033,0.550011829463998
2022-09-26 00:00:00+00:00,9,1010688.4195230823,0.000498359286079406,0.42888229532891486
2022-09-27 00:00:00+00:00,9,1011785.5761727187,0.0010855537952577485,0.2893588762439938
2022-09-28 00:00:00+00:00,9,1011586.8213143973,-0.00019643970323556485,0.1518697473783952
2022-09-29 00:00:00+00:00,9,1013814.6838754365,0.002202344390118212,-0.01734022205302921
2022-09-30 00:00:00+00:00,9,1014192.3696503203,0.00037253926273781,-0.22531737651884676
2022-10-03 00:00:00+00:00,10,1000000.0,0.0,-0.46641241987385396
2022-10-04 00:00:00+00:00,10,1000000.0,0.0,-0.7010712375173371
2022-10-05 00:00:00+00:00,10,1000000.0,0.0,-0.8807137071463469
2022-10-06 00:00:00+00:00,10,1000000.0,0.0,-1.1574927112688895
2022-10-07 00:00:00+00:00,10,1000000.0,0.0,-1.4004170543832277
2022-10-10 00:00:00+00:00,10,1000000.0,0.0,-2.366610416565396
2022-10-11 00:00:00+00:00,10,999992.0,-8e-06,-3.0397302993814073
2022-10-12 00:00:00+00:00,10,1000256.6188180384,0.0002646209350058561,-3.773898034584743
2022-10-13 00:00:00+00:00,10,999418.6450908538,-0.0008377587425262722,-4.612120696072285
2022-10-14 00:00:00+00:00,10,1000112.7332069183,0.000694491862318072,-4.764066368463188
2022-10-17 00:00:00+00:00,10,999057.1364892593,-0.0010554777302696707,-4.608236366133786
2022-10-18 00:00:00+00:00,10,998544.1072562572,-0.0005135134060549493,-4.704000697480121
2022-10-19 00:00:00+00:00,10,998139.0573297522,-0.000405640495559011,-4.770299055933571
2022-10-20 00:00:00+00:00,10,998246.5834700358,0.00010772661333503683,-4.903783068543722
2022-10-21 00:00:00+00:00,10,997643.4340686534,-0.0006042088311344882,-5.030563678267006
2022-10-24 00:00:00+00:00,10,997135.3451341315,-0.0005092891078827316,-5.092387948934071
2022-10-25 00:00:00+00:00,10,997135.3451341315,0.0,-5.456206906251537
2022-10-26 00:00:00+00:00,10,997135.3451341315,0.0,-4.915736191778302
2022-10-27 00:00:00+00:00,10,997135.3451341315,0.0,-3.516665614605488
2022-10-28 00:00:00+00:00,10,997135.3451341315,0.0,-2.758921821700171
2022-10-31 00:00:00+00:00,10,997135.3451341315,0.0,-1.2525202891029865
2022-11-01 00:00:00+00:00,10,997135.3451341315,0.0,-0.06802011014857623
2022-11-02 00:00:00+00:00,10,997135.3451341315,0.0,0.7704360938381809
2022-11-03 00:00:00+00:00,10,997135.3451341315,0.0,1.4608617217825355
2022-11-04 00:00:00+00:00,10,997135.3451341315,0.0,1.7218165823152063
2022-11-07 00:00:00+00:00,10,997135.3451341315,0.0,1.9712201086449723
2022-11-08 00:00:00+00:00,10,997135.3451341315,0.0,1.9715689469306152
2022-11-09 00:00:00+00:00,10,997135.3451341315,0.0,1.9604546359958515
2022-11-10 00:00:00+00:00,10,997135.3451341315,0.0,2.1481307232205684
2022-11-11 00:00:00+00:00,10,997135.3451341315,0.0,1.9022279485245281
2022-11-14 00:00:00+00:00,10,997135.3451341315,0.0,1.5000099099986768
2022-11-15 00:00:00+00:00,10,997135.3451341315,0.0,1.2227815183424808
2022-11-16 00:00:00+00:00,10,997135.3451341315,0.0,0.9581270666067425
2022-11-17 00:00:00+00:00,10,997135.3451341315,0.0,0.8779914503938562
2022-11-18 00:00:00+00:00,10,997135.3451341315,0.0,0.6905393926485268
2022-11-21 00:00:00+00:00,10,997135.3451341315,0.0,0.5463867283009431
2022-11-22 00:00:00+00:00,10,997135.3451341315,0.0,0.4100231728409831
2022-11-23 00:00:00+00:00,10,997135.3451341315,0.0,0.21484237464014377
2022-11-25 00:00:00+00:00,10,997135.3451341315,0.0,0.00017637040551399252
2022-11-28 00:00:00+00:00,10,997135.3451341315,0.0,-0.13367100534037402
2022-11-29 00:00:00+00:00,10,997135.3451341315,0.0,-0.3467509311647943
2022-11-30 00:00:00+00:00,10,997135.3451341315,0.0,-0.5318855391616726
2022-12-01 00:00:00+00:00,10,997135.3451341315,0.0,-0.6943036796991837
2022-12-02 00:00:00+00:00,10,997135.3451341315,0.0,-0.8123751744062302
2022-12-05 00:00:00+00:00,10,997135.3451341315,0.0,-0.9427927055329004
2022-12-06 00:00:00+00:00,10,997135.3451341315,0.0,-1.0308526599450536
2022-12-07 00:00:00+00:00,10,997135.3451341315,0.0,-1.1339295667351648
2022-12-08 00:00:00+00:00,10,997135.3451341315,0.0,-1.2854239446414937
2022-12-09 00:00:00+00:00,10,997135.3451341315,0.0,-1.0850971884198284
2022-12-12 00:00:00+00:00,10,997135.3451341315,0.0,-0.7888917210259185
2022-12-13 00:00:00+00:00,10,997135.3451341315,0.0,-0.4733938087622711
2022-12-14 00:00:00+00:00,10,997135.3451341315,0.0,-0.057223515740948194
2022-12-15 00:00:00+00:00,10,997135.3451341315,0.0,0.2628955281606138
2022-12-16 00:00:00+00:00,10,997135.3451341315,0.0,0.7580502407156726
2022-12-19 00:00:00+00:00,10,997135.3451341315,0.0,1.1729816979687153
2022-12-20 00:00:00+00:00,10,997135.3451341315,0.0,1.556776206144645
2022-12-21 00:00:00+00:00,10,997135.3451341315,0.0,1.9369253307472398
2022-12-22 00:00:00+00:00,10,997135.3451341315,0.0,2.3446323504220685
2022-12-23 00:00:00+00:00,10,997135.3451341315,0.0,3.7171497556745825
2022-12-27 00:00:00+00:00,10,997135.3451341315,0.0,3.17016707511977
2022-12-28 00:00:00+00:00,10,997135.3451341315,0.0,2.3221080681549413
2022-12-29 00:00:00+00:00,10,997135.3451341315,0.0,1.8647464390389072
2022-12-30 00:00:00+00:00,10,997135.3451341315,0.0,1.7678137653320158
2023-01-03 00:00:00+00:00,11,1000000.0,0.0,1.6520346566057844
2023-01-04 00:00:00+00:00,11,1000000.0,0.0,1.469065725568412
2023-01-05 00:00:00+00:00,11,1000000.0,0.0,1.2439082358048155
2023-01-06 00:00:00+00:00,11,1000000.0,0.0,0.9973321824815042
2023-01-09 00:00:00+00:00,11,1000000.0,0.0,0.9743377959364232
2023-01-10 00:00:00+00:00,11,1000000.0,0.0,1.0871691032897015
2023-01-11 00:00:00+00:00,11,1000000.0,0.0,1.1635645152716156
2023-01-12 00:00:00+00:00,11,1000000.0,0.0,1.1499101750673613
2023-01-13 00:00:00+00:00,11,1000000.0,0.0,1.0461803844208317
2023-01-17 00:00:00+00:00,11,1000000.0,0.0,1.2275349659172905
2023-01-18 00:00:00+00:00,11,1000000.0,0.0,1.4262763794040594
2023-01-19 00:00:00+00:00,11,1000000.0,0.0,1.5501393958076894
2023-01-20 00:00:00+00:00,11,1000000.0,0.0,1.6629361413140251
2023-01-23 00:00:00+00:00,11,1000000.0,0.0,1.7571127466683092
2023-01-24 00:00:00+00:00,11,1000000.0,0.0,1.5249142843345194
2023-01-25 00:00:00+00:00,11,1000000.0,0.0,1.5110589020849718
2023-01-26 00:00:00+00:00,11,1000000.0,0.0,1.424272357561292
2023-01-27 00:00:00+00:00,11,1000000.0,0.0,1.4822120181297809
2023-01-30 00:00:00+00:00,11,1000000.0,0.0,1.5179960430740818
2023-01-31 00:00:00+00:00,11,1000000.0,0.0,1.5749562469756415
2023-02-01 00:00:00+00:00,11,1000000.0,0.0,1.5537150754650875
2023-02-02 00:00:00+00:00,11,1000000.0,0.0,1.3425219193427607
2023-02-03 00:00:00+00:00,11,1000000.0,0.0,1.1267992294631246
2023-02-06 00:00:00+00:00,11,1000000.0,0.0,0.9577564844035193
2023-02-07 00:00:00+00:00,11,1000000.0,0.0,0.8874637333064785
2023-02-08 00:00:00+00:00,11,1000000.0,0.0,0.8690355215528194
2023-02-09 00:00:00+00:00,11,1000000.0,0.0,0.8462540637082498
2023-02-10 00:00:00+00:00,11,1000000.0,0.0,0.8540532215766841
2023-02-13 00:00:00+00:00,11,1000000.0,0.0,0.8429251288795352
2023-02-14 00:00:00+00:00,11,1000000.0,0.0,0.8154356049925973
2023-02-15 00:00:00+00:00,11,1000000.0,0.0,0.7883502560208417
2023-02-16 00:00:00+00:00,11,1000000.0,0.0,0.7052018524127055
2023-02-17 00:00:00+00:00,11,1000000.0,0.0,0.7170254120551194
2023-02-21 00:00:00+00:00,11,1000000.0,0.0,0.7776678805616748
2023-02-22 00:00:00+00:00,11,1000000.0,0.0,0.7812063602691213
2023-02-23 00:00:00+00:00,11,1000000.0,0.0,0.8366353563529136
2023-02-24 00:00:00+00:00,11,1000000.0,0.0,1.0024878206880392
2023-02-27 00:00:00+00:00,11,1000000.0,0.0,1.1179908855615293
2023-02-28 00:00:00+00:00,11,1000000.0,0.0,1.1993051009298688
2023-03-01 00:00:00+00:00,11,1000000.0,0.0,1.2651632223168767
2023-03-02 00:00:00+00:00,11,1000000.0,0.0,1.3771560650851602
2023-03-03 00:00:00+00:00,11,1000000.0,0.0,1.5365111406604424
2023-03-06 00:00:00+00:00,11,1000000.0,0.0,1.9005896692205626
2023-03-07 00:00:00+00:00,11,1000000.0,0.0,2.325162649481313
2023-03-08 00:00:00+00:00,11,1000000.0,0.0,2.335629741746641
2023-03-09 00:00:00+00:00,11,1000000.0,0.0,2.3873150925252262
2023-03-10 00:00:00+00:00,11,1000000.0,0.0,2.472618211593663
2023-03-13 00:00:00+00:00,11,999975.0,-2.5e-05,2.80978271590042
2023-03-14 00:00:00+00:00,11,997709.7319138391,-0.0022653247192788643,3.1018616862680286
2023-03-15 00:00:00+00:00,11,995158.1517885153,-0.0025574373424516192,3.695438043410168
2023-03-16 00:00:00+00:00,11,992352.0200955878,-0.00281978466225114,3.9574632723983676
2023-03-17 00:00:00+00:00,11,992352.0200955878,0.0,2.4069656850433754
2023-03-20 00:00:00+00:00,11,992352.0200955878,0.0,1.1194585631579783
2023-03-21 00:00:00+00:00,11,992352.0200955878,0.0,0.11349617704653614
2023-03-22 00:00:00+00:00,11,992352.0200955878,0.0,-0.4697103958483604
2023-03-23 00:00:00+00:00,11,992352.0200955878,0.0,-0.8133647973791787
2023-03-24 00:00:00+00:00,11,992352.0200955878,0.0,-1.1092843877982155
2023-03-27 00:00:00+00:00,11,992352.0200955878,0.0,-1.2723903084371546
2023-03-28 00:00:00+00:00,11,992352.0200955878,0.0,-1.6081809380613343
2023-03-29 00:00:00+00:00,11,992352.0200955878,0.0,-1.7871692235656003
2023-03-30 00:00:00+00:00,11,992352.0200955878,0.0,-1.807058734916728
2023-03-31 00:00:00+00:00,11,992352.0200955878,0.0,-1.8649661374758564
2023-04-03 00:00:00+00:00,12,1000000.0,0.0,-1.9148905228836748
2023-04-04 00:00:00+00:00,12,999975.0,-2.5e-05,-1.855692045574516
2023-04-05 00:00:00+00:00,12,997922.9744106753,-0.0020520768912469316,-2.2506115273131684
2023-04-06 00:00:00+00:00,12,997003.0553708518,-0.0009218337120325743,-2.160956340330805
2023-04-10 00:00:00+00:00,12,999043.5002168076,0.002046578327883701,-1.8894507405620535
2023-04-11 00:00:00+00:00,12,998771.3613034353,-0.0002723994633999825,-1.6180548493943467
2023-04-12 00:00:00+00:00,12,999824.1518340369,0.0010540856209850676,-1.370702973437961
2023-04-13 00:00:00+00:00,12,999431.805907243,-0.0003924149322400052,-1.190370034710667
2023-04-14 00:00:00+00:00,12,997680.5735381881,-0.0017522279746392774,-1.0166977785378561
2023-04-17 00:00:00+00:00,12,993292.5916598631,-0.004398183140685395,-0.8011325729242724
2023-04-18 00:00:00+00:00,12,990960.5152718197,-0.002347824203688463,-0.45299407438367645
2023-04-19 00:00:00+00:00,12,990960.5152718197,0.0,0.05695713792713786
2023-04-20 00:00:00+00:00,12,990960.5152718197,0.0,0.5823968735614837
2023-04-21 00:00:00+00:00,12,990960.5152718197,0.0,0.8134256286058572
2023-04-24 00:00:00+00:00,12,990960.5152718197,0.0,1.19985893583591
2023-04-25 00:00:00+00:00,12,990960.5152718197,0.0,1.8178402396729778
2023-04-26 00:00:00+00:00,12,990960.5152718197,0.0,3.329526580003816
2023-04-27 00:00:00+00:00,12,990960.5152718197,0.0,4.741882205246744
2023-04-28 00:00:00+00:00,12,990960.5152718197,0.0,6.720080009228441
2023-05-01 00:00:00+00:00,12,990960.5152718197,0.0,6.691010336754468
2023-05-02 00:00:00+00:00,12,990960.5152718197,0.0,6.454728983492115
2023-05-03 00:00:00+00:00,12,990960.5152718197,0.0,6.911273855827044
2023-05-04 00:00:00+00:00,12,990960.5152718197,0.0,7.674466658107713
2023-05-05 00:00:00+00:00,12,990952.5875876974,-8.000000000056814e-06,7.495303706848883
2023-05-08 00:00:00+00:00,12,989320.6034039266,-0.0016468842245456166,7.447546820395612
2023-05-09 00:00:00+00:00,12,988587.1992173753,-0.0007413210480282532,5.5495219782074034
2023-05-10 00:00:00+00:00,12,988207.1221605783,-0.0003844648778558737,4.401965089218747
2023-05-11 00:00:00+00:00,12,988207.1221605783,0.0,3.0731333632776985
2023-05-12 00:00:00+00:00,12,988207.1221605783,0.0,2.071901088595118
2023-05-15 00:00:00+00:00,12,988207.1221605783,0.0,1.7081902744300992
2023-05-16 00:00:00+00:00,12,988207.1221605783,0.0,1.319070683618024
2023-05-17 00:00:00+00:00,12,988207.1221605783,0.0,0.4432129729975758
2023-05-18 00:00:00+00:00,12,988207.1221605783,0.0,-0.600512666453211
2023-05-19 00:00:00+00:00,12,988207.1221605783,0.0,-1.5005668706378996
2023-05-22 00:00:00+00:00,12,988207.1221605783,0.0,-1.8327074989352843
2023-05-23 00:00:00+00:00,12,988207.1221605783,0.0,-2.212527455886372
2023-05-24 00:00:00+00:00,12,988207.1221605783,0.0,-2.8913540802743904
2023-05-25 00:00:00+00:00,12,988207.1221605783,0.0,-1.4344218750880042
2023-05-26 00:00:00+00:00,12,988207.1221605783,0.0,-1.3329698343788952
2023-05-30 00:00:00+00:00,12,988207.1221605783,0.0,-1.4077869102416392
2023-05-31 00:00:00+00:00,12,988207.1221605783,0.0,-1.1937679167423596
2023-06-01 00:00:00+00:00,12,988207.1221605783,0.0,-1.052258990603005
2023-06-02 00:00:00+00:00,12,988207.1221605783,0.0,-0.7993290428591342
2023-06-05 00:00:00+00:00,12,988207.1221605783,0.0,-0.6472735870635598
2023-06-06 00:00:00+00:00,12,988207.1221605783,0.0,-0.4669591345598123
2023-06-07 00:00:00+00:00,12,988207.1221605783,0.0,-0.5219280183959576
2023-06-08 00:00:00+00:00,12,988207.1221605783,0.0,-0.4407061843213471
2023-06-09 00:00:00+00:00,12,988207.1221605783,0.0,-0.3579410261699838
2023-06-12 00:00:00+00:00,12,988207.1221605783,0.0,-0.3273698104480678
2023-06-13 00:00:00+00:00,12,988207.1221605783,0.0,-0.4489191616861419
2023-06-14 00:00:00+00:00,12,988207.1221605783,0.0,-0.3200438727483679
2023-06-15 00:00:00+00:00,12,988207.1221605783,0.0,-0.06846042388789542
2023-06-16 00:00:00+00:00,12,988207.1221605783,0.0,0.2621429128708952
2023-06-20 00:00:00+00:00,12,988207.1221605783,0.0,0.55569585562667
2023-06-21 00:00:00+00:00,12,988207.1221605783,0.0,0.8564536925860273
2023-06-22 00:00:00+00:00,12,988207.1221605783,0.0,1.1370647921458623
2023-06-23 00:00:00+00:00,12,988207.1221605783,0.0,1.4609117202235153
2023-06-26 00:00:00+00:00,12,988207.1221605783,0.0,1.715450302215944
2023-06-27 00:00:00+00:00,12,988207.1221605783,0.0,1.9414732548927667
2023-06-28 00:00:00+00:00,12,988207.1221605783,0.0,2.3168803016748996
2023-06-29 00:00:00+00:00,12,988207.1221605783,0.0,2.6668743899147036
2023-06-30 00:00:00+00:00,12,988207.1221605783,0.0,2.963188453692788
2023-07-03 00:00:00+00:00,13,1000000.0,0.0,3.2956545699161204
2023-07-05 00:00:00+00:00,13,1000000.0,0.0,3.472761955143574
2023-07-06 00:00:00+00:00,13,1000000.0,0.0,3.9620804714923032
2023-07-07 00:00:00+00:00,13,1000000.0,0.0,4.58873629517788
2023-07-10 00:00:00+00:00,13,1000000.0,0.0,6.890232279596141
2023-07-11 00:00:00+00:00,13,1000000.0,0.0,7.141585818277793
2023-07-12 00:00:00+00:00,13,1000000.0,0.0,7.346685351872528
2023-07-13 00:00:00+00:00,13,1000000.0,0.0,6.951188912654408
2023-07-14 00:00:00+00:00,13,1000000.0,0.0,6.386368674344677
2023-07-17 00:00:00+00:00,13,1000000.0,0.0,6.361123118691009
2023-07-18 00:00:00+00:00,13,1000000.0,0.0,5.9393903394666125
2023-07-19 00:00:00+00:00,13,1000000.0,0.0,5.686401718093789
2023-07-20 00:00:00+00:00,13,1000000.0,0.0,5.598814290019505
2023-07-21 00:00:00+00:00,13,1000000.0,0.0,5.478907610855311
2023-07-24 00:00:00+00:00,13,1000000.0,0.0,5.576315096290215
2023-07-25 00:00:00+00:00,13,1000000.0,0.0,5.418724329460348
2023-07-26 00:00:00+00:00,13,1000000.0,0.0,4.763681318761988
2023-07-27 00:00:00+00:00,13,1000000.0,0.0,3.7535262887899465
2023-07-28 00:00:00+00:00,13,1000000.0,0.0,3.41708260512449
2023-07-31 00:00:00+00:00,13,1000000.0,0.0,3.434184054497677
2023-08-01 00:00:00+00:00,13,1000000.0,0.0,3.256364377557789
2023-08-02 00:00:00+00:00,13,1000000.0,0.0,2.7921569045853065
2023-08-03 00:00:00+00:00,13,1000000.0,0.0,2.82553832819817
2023-08-04 00:00:00+00:00,13,1000000.0,0.0,2.831163000050153
2023-08-07 00:00:00+00:00,13,1000000.0,0.0,2.8395573846392828
2023-08-08 00:00:00+00:00,13,1000000.0,0.0,2.824087171115343
2023-08-09 00:00:00+00:00,13,1000000.0,0.0,3.0626712249185477
2023-08-10 00:00:00+00:00,13,1000000.0,0.0,3.290889403107962
2023-08-11 00:00:00+00:00,13,1000000.0,0.0,3.2024663758866954
2023-08-14 00:00:00+00:00,13,1000000.0,0.0,2.8628015307138823
2023-08-15 00:00:00+00:00,13,1000000.0,0.0,2.724528714648579
2023-08-16 00:00:00+00:00,13,1000000.0,0.0,2.4418100371187816
2023-08-17 00:00:00+00:00,13,1000000.0,0.0,2.0981270123267897
2023-08-18 00:00:00+00:00,13,1000000.0,0.0,1.5409720189782314
2023-08-21 00:00:00+00:00,13,1000000.0,0.0,1.1101405624270573
2023-08-22 00:00:00+00:00,13,1000000.0,0.0,1.211801993364947
2023-08-23 00:00:00+00:00,13,1000000.0,0.0,1.2527803192093918
2023-08-24 00:00:00+00:00,13,1000000.0,0.0,1.8400213127209661
2023-08-25 00:00:00+00:00,13,1000000.0,0.0,2.5032712632514738
2023-08-28 00:00:00+00:00,13,1000000.0,0.0,2.7326445228611593
2023-08-29 00:00:00+00:00,13,1000000.0,0.0,3.3161595326552087
2023-08-30 00:00:00+00:00,13,1000000.0,0.0,4.184559873245434
2023-08-31 00:00:00+00:00,13,1000000.0,0.0,4.660955080573062
2023-09-01 00:00:00+00:00,13,1000000.0,0.0,4.97741598341758
2023-09-05 00:00:00+00:00,13,1000000.0,0.0,4.986486464729428
2023-09-06 00:00:00+00:00,13,1000000.0,0.0,4.900530298083384
2023-09-07 00:00:00+00:00,13,1000000.0,0.0,4.900714081456458
2023-09-08 00:00:00+00:00,13,1000000.0,0.0,4.91032691225362
2023-09-11 00:00:00+00:00,13,1000000.0,0.0,4.91244320456902
2023-09-12 00:00:00+00:00,13,1000000.0,0.0,4.9524399214291055
2023-09-13 00:00:00+00:00,13,1000000.0,0.0,5.041469886699965
2023-09-14 00:00:00+00:00,13,1000000.0,0.0,5.155374478608463
2023-09-15 00:00:00+00:00,13,1000000.0,0.0,5.067606494382764
2023-09-18 00:00:00+00:00,13,1000000.0,0.0,4.756512858075821
2023-09-19 00:00:00+00:00,13,1000000.0,0.0,4.467795821393738
2023-09-20 00:00:00+00:00,13,1000000.0,0.0,4.241705579209903
2023-09-21 00:00:00+00:00,13,1000000.0,0.0,3.7883940202872743
2023-09-22 00:00:00+00:00,13,1000000.0,0.0,2.916236860247822
2023-09-25 00:00:00+00:00,13,1000000.0,0.0,2.219383735759269
2023-09-26 00:00:00+00:00,13,1000000.0,0.0,1.4982597278893226
2023-09-27 00:00:00+00:00,13,999975.0,-2.5e-05,1.1630614705441142
2023-09-28 00:00:00+00:00,13,1004533.0582438055,0.004558172198110495,0.9460360294246741
2023-09-29 00:00:00+00:00,13,1003040.804369895,-0.0014855199255655995,0.8692235573081883
2023-10-02 00:00:00+00:00,14,1000000.0,0.0,0.7960331786585537
2023-10-03 00:00:00+00:00,14,999975.0,-2.5e-05,0.6781910257110133
2023-10-04 00:00:00+00:00,14,1003084.9620705387,0.0031100398215342007,0.734197136234382
2023-10-05 00:00:00+00:00,14,999404.7720171189,-0.0036688717233117037,0.7606218151100945
2023-10-06 00:00:00+00:00,14,1003231.5806251828,0.0038290877882644456,0.9618472246211525
2023-10-09 00:00:00+00:00,14,1003087.5893856286,-0.0001435274191274141,0.7675464495254363
2023-10-10 00:00:00+00:00,14,1003989.7082042921,0.0008993420197891755,0.7169515391885515
2023-10-11 00:00:00+00:00,14,999994.4597346773,-0.003979371936750789,0.5256496081994815
2023-10-12 00:00:00+00:00,14,999994.4597346773,0.0,0.16044236677062518
2023-10-13 00:00:00+00:00,14,999994.4597346773,0.0,-0.3197087315916658
2023-10-16 00:00:00+00:00,14,999994.4597346773,0.0,-0.9693617862426072
2023-10-17 00:00:00+00:00,14,999994.4597346773,0.0,-1.1924478129232563
2023-10-18 00:00:00+00:00,14,999994.4597346773,0.0,-1.2826213434529716
2023-10-19 00:00:00+00:00,14,999994.4597346773,0.0,-1.0546956543093815
2023-10-20 00:00:00+00:00,14,999994.4597346773,0.0,-0.7675526493491098
2023-10-23 00:00:00+00:00,14,999994.4597346773,0.0,-0.4505162398231821
2023-10-24 00:00:00+00:00,14,999994.4597346773,0.0,-0.4893195678629185
2023-10-25 00:00:00+00:00,14,999994.4597346773,0.0,-0.49992005933456785
2023-10-26 00:00:00+00:00,14,999994.4597346773,0.0,-0.684832072167926
2023-10-27 00:00:00+00:00,14,999994.4597346773,0.0,-0.7297715914012013
2023-10-30 00:00:00+00:00,14,999994.4597346773,0.0,-0.7188616412765381
2023-10-31 00:00:00+00:00,14,999994.4597346773,0.0,-0.7372107421135699
2023-11-01 00:00:00+00:00,14,999994.4597346773,0.0,-0.5441680670328273
2023-11-02 00:00:00+00:00,14,999994.4597346773,0.0,-0.5563485480491996
2023-11-03 00:00:00+00:00,14,999994.4597346773,0.0,-0.4884520483578081
2023-11-06 00:00:00+00:00,14,999994.4597346773,0.0,-0.6462487091478373
2023-11-07 00:00:00+00:00,14,999994.4597346773,0.0,-0.7640829591008087
2023-11-08 00:00:00+00:00,14,999994.4597346773,0.0,-0.8840448441352615
2023-11-09 00:00:00+00:00,14,999994.4597346773,0.0,-0.9900493537569197
2023-11-10 00:00:00+00:00,14,999994.4597346773,0.0,-1.1069997819711848
2023-11-13 00:00:00+00:00,14,999994.4597346773,0.0,-1.395423224837062
2023-11-14 00:00:00+00:00,14,999994.4597346773,0.0,-1.4938547287942834
2023-11-15 00:00:00+00:00,14,999994.4597346773,0.0,-1.50580241626586
2023-11-16 00:00:00+00:00,14,999994.4597346773,0.0,-1.5311765177433765
2023-11-17 00:00:00+00:00,14,999994.4597346773,0.0,-1.57242849866011
2023-11-20 00:00:00+00:00,14,999994.4597346773,0.0,-1.6931200352240339
2023-11-21 00:00:00+00:00,14,999994.4597346773,0.0,-1.6945024960263417
2023-11-22 00:00:00+00:00,14,999994.4597346773,0.0,-1.644872876539612
2023-11-24 00:00:00+00:00,14,999994.4597346773,0.0,-1.8322916167936913
2023-11-27 00:00:00+00:00,14,999994.4597346773,0.0,-2.0303104329686237
2023-11-28 00:00:00+00:00,14,999994.4597346773,0.0,-2.131202937607738
2023-11-29 00:00:00+00:00,14,999994.4597346773,0.0,-2.2566636274021112
2023-11-30 00:00:00+00:00,14,999994.4597346773,0.0,-2.355540168840749
2023-12-01 00:00:00+00:00,14,999994.4597346773,0.0,-2.4244520817630324
2023-12-04 00:00:00+00:00,14,999994.4597346773,0.0,-2.533041716104103
2023-12-05 00:00:00+00:00,14,999994.4597346773,0.0,-2.66440228951811
2023-12-06 00:00:00+00:00,14,999994.4597346773,0.0,-2.541376826741365
2023-12-07 00:00:00+00:00,14,999994.4597346773,0.0,-2.3239086539743834
2023-12-08 00:00:00+00:00,14,999994.4597346773,0.0,-2.030862831749878
2023-12-11 00:00:00+00:00,14,999994.4597346773,0.0,-1.7159334919279177
2023-12-12 00:00:00+00:00,14,999994.4597346773,0.0,-1.2335832389775758
2023-12-13 00:00:00+00:00,14,999994.4597346773,0.0,-0.5509756843432676
2023-12-14 00:00:00+00:00,14,999994.4597346773,0.0,0.40992548032485754
2023-12-15 00:00:00+00:00,14,999994.4597346773,0.0,0.6266139822353445
2023-12-18 00:00:00+00:00,14,999994.4597346773,0.0,1.1794956438873418
2023-12-19 00:00:00+00:00,14,999994.4597346773,0.0,0.8158004700564341
2023-12-20 00:00:00+00:00,14,999994.4597346773,0.0,0.7497418661064739
2023-12-21 00:00:00+00:00,14,999994.4597346773,0.0,1.3273676028331907
2023-12-22 00:00:00+00:00,14,999994.4597346773,0.0,1.5486425831443298
2023-12-26 00:00:00+00:00,14,999969.459873184,-2.4999999999990525e-05,1.8711629366168596
2023-12-27 00:00:00+00:00,14,998256.1601529785,-0.0017133520461942544,1.026391870225304
2023-12-28 00:00:00+00:00,14,996237.4986514499,-0.002022187873320238,-0.07353431511064734
2023-12-29 00:00:00+00:00,14,997305.7506761008,0.0010722865040685128,-1.9678089458454249
2024-01-02 00:00:00+00:00,15,1000000.0,0.0,-3.0168169471584045
2024-01-03 00:00:00+00:00,15,999990.4786395129,-9.52136048709508e-06,-3.937758580634771
2024-01-04 00:00:00+00:00,15,999785.4790916034,-0.0002050014998026596,-4.6126824341409405
2024-01-05 00:00:00+00:00,15,999606.4059071699,-0.00017911160761828023,-7.125566136551569
2024-01-08 00:00:00+00:00,15,998964.4398355978,-0.0006422188451158965,-8.474530193932885
2024-01-09 00:00:00+00:00,15,999303.366191181,0.00033927769805201677,-6.734628204541511
2024-01-10 00:00:00+00:00,15,997698.0456002455,-0.0016064396911362052,-5.406645750867955
2024-01-11 00:00:00+00:00,15,997278.065632906,-0.00042094897267916094,-3.9057735975547594
2024-01-12 00:00:00+00:00,15,996798.3710406059,-0.00048100385321888506,-2.852741932306886
2024-01-16 00:00:00+00:00,15,996798.3710406059,0.0,-2.069491096309207
2024-01-17 00:00:00+00:00,15,996798.3710406059,0.0,-1.7503781224176134
2024-01-18 00:00:00+00:00,15,996798.3710406059,0.0,-1.5986936876104183
2024-01-19 00:00:00+00:00,15,996798.3710406059,0.0,-1.2832168996769209
2024-01-22 00:00:00+00:00,15,996798.3710406059,0.0,-1.3369591321885705
2024-01-23 00:00:00+00:00,15,996798.3710406059,0.0,-0.896647761442793
2024-01-24 00:00:00+00:00,15,996798.3710406059,0.0,-0.8000431682052591
2024-01-25 00:00:00+00:00,15,996798.3710406059,0.0,-0.8693779352044393
2024-01-26 00:00:00+00:00,15,996798.3710406059,0.0,-0.9737716633578746
2024-01-29 00:00:00+00:00,15,996798.3710406059,0.0,-1.1530382564563881
2024-01-30 00:00:00+00:00,15,996798.3710406059,0.0,-1.2121100590458207
2024-01-31 00:00:00+00:00,15,996798.3710406059,0.0,-0.9268408352501387
2024-02-01 00:00:00+00:00,15,996798.3710406059,0.0,-0.8199312043148055
2024-02-02 00:00:00+00:00,15,996798.3710406059,0.0,-0.678831177372957
2024-02-05 00:00:00+00:00,15,996798.3710406059,0.0,-0.5780318610104684
2024-02-06 00:00:00+00:00,15,996798.3710406059,0.0,-0.13318427053541537
2024-02-07 00:00:00+00:00,15,996798.3710406059,0.0,0.16808900338320232
2024-02-08 00:00:00+00:00,15,996798.3710406059,0.0,0.5197353659729895
2024-02-09 00:00:00+00:00,15,996798.3710406059,0.0,0.7404097447029407
2024-02-12 00:00:00+00:00,15,996798.3710406059,0.0,0.9262243620885275
2024-02-13 00:00:00+00:00,15,996798.3710406059,0.0,1.0557832059762928
2024-02-14 00:00:00+00:00,15,996798.3710406059,0.0,1.1996965706642784
2024-02-15 00:00:00+00:00,15,996798.3710406059,0.0,1.3418697454504982
2024-02-16 00:00:00+00:00,15,996798.3710406059,0.0,1.5851626572208763
2024-02-20 00:00:00+00:00,15,996798.3710406059,0.0,1.8999036913012013
2024-02-21 00:00:00+00:00,15,996798.3710406059,0.0,2.3155054169289544
2024-02-22 00:00:00+00:00,15,996798.3710406059,0.0,2.6631175762726476
2024-02-23 00:00:00+00:00,15,996798.3710406059,0.0,2.8576418273560615
2024-02-26 00:00:00+00:00,15,996798.3710406059,0.0,3.193790894413887
2024-02-27 00:00:00+00:00,15,996798.3710406059,0.0,3.6043366182925354
2024-02-28 00:00:00+00:00,15,996798.3710406059,0.0,4.040109547269647
2024-02-29 00:00:00+00:00,15,996798.3710406059,0.0,4.313991369591756
2024-03-01 00:00:00+00:00,15,996798.3710406059,0.0,4.221222075080479
2024-03-04 00:00:00+00:00,15,996798.3710406059,0.0,3.8777450845052024
2024-03-05 00:00:00+00:00,15,996798.3710406059,0.0,3.2777226921029885
2024-03-06 00:00:00+00:00,15,996798.3710406059,0.0,2.8940004904564565
2024-03-07 00:00:00+00:00,15,996798.3710406059,0.0,2.4290013635565884
2024-03-08 00:00:00+00:00,15,996798.3710406059,0.0,2.0049696651590345
2024-03-11 00:00:00+00:00,15,996798.3710406059,0.0,1.586043725650717
2024-03-12 00:00:00+00:00,15,996798.3710406059,0.0,1.1892350000129017
2024-03-13 00:00:00+00:00,15,996798.3710406059,0.0,0.913937225565892
2024-03-14 00:00:00+00:00,15,996798.3710406059,0.0,0.9661788315110904
2024-03-15 00:00:00+00:00,15,996798.3710406059,0.0,0.8958134550537604
2024-03-18 00:00:00+00:00,15,996798.3710406059,0.0,0.6525724786622327
2024-03-19 00:00:00+00:00,15,996798.3710406059,0.0,0.4311500458480184
2024-03-20 00:00:00+00:00,15,996798.3710406059,0.0,0.6029095309919565
2024-03-21 00:00:00+00:00,15,996798.3710406059,0.0,0.8298018085786047
2024-03-22 00:00:00+00:00,15,996798.3710406059,0.0,1.1414039907728144
2024-03-25 00:00:00+00:00,15,996798.3710406059,0.0,1.5581291973853086
2024-03-26 00:00:00+00:00,15,996798.3710406059,0.0,2.0006359214594074
2024-03-27 00:00:00+00:00,15,996798.3710406059,0.0,2.3437070277494105
2024-03-28 00:00:00+00:00,15,996798.3710406059,0.0,2.568519496972957
2024-04-01 00:00:00+00:00,16,1000000.0,0.0,2.6641619141880217
2024-04-02 00:00:00+00:00,16,1000000.0,0.0,2.695090406832653
2024-04-03 00:00:00+00:00,16,1000000.0,0.0,2.875857012395511
2024-04-04 00:00:00+00:00,16,1000000.0,0.0,3.5116489736173557
2024-04-05 00:00:00+00:00,16,1000000.0,0.0,4.061004571616741
2024-04-08 00:00:00+00:00,16,1000000.0,0.0,4.2220230527298455
2024-04-09 00:00:00+00:00,16,999975.0,-2.5e-05,4.55856117982703
2024-04-10 00:00:00+00:00,16,1006123.7196957964,0.006148873417631816,4.74595169468417
2024-04-11 00:00:00+00:00,16,1008960.1380957377,0.0028191546868598723,5.108545027151218
2024-04-12 00:00:00+00:00,16,1010337.7698587566,0.0013653976118610353,6.539754845632693
2024-04-15 00:00:00+00:00,16,1008218.4116408778,-0.0020976729576040846,5.499493650359259
2024-04-16 00:00:00+00:00,16,1009399.8373727836,0.0011717954346647597,2.6997690783444823
2024-04-17 00:00:00+00:00,16,1011488.5806840835,0.002069292300201297,1.2215327141553973
2024-04-18 00:00:00+00:00,16,1010968.5071937353,-0.0005141664476295383,-1.6641676809190713
2024-04-19 00:00:00+00:00,16,1005010.3394988867,-0.005893524528659555,-2.736457380851049
2024-04-22 00:00:00+00:00,16,1005010.3394988867,0.0,-2.2922266717602087
2024-04-23 00:00:00+00:00,16,1005010.3394988867,0.0,-3.4865905783129145
2024-04-24 00:00:00+00:00,16,1005010.3394988867,0.0,-3.9167100613788346
2024-04-25 00:00:00+00:00,16,1005010.3394988867,0.0,-3.3430927809155904
2024-04-26 00:00:00+00:00,16,1005010.3394988867,0.0,-3.2116695023589994
2024-04-29 00:00:00+00:00,16,1005010.3394988867,0.0,-3.1361249448600157
2024-04-30 00:00:00+00:00,16,1005010.3394988867,0.0,-3.0365462468751048
2024-05-01 00:00:00+00:00,16,1005010.3394988867,0.0,-3.3038896377436524
2024-05-02 00:00:00+00:00,16,1005010.3394988867,0.0,-3.543469025945437
2024-05-03 00:00:00+00:00,16,1005010.3394988867,0.0,-3.3965654469041704
2024-05-06 00:00:00+00:00,16,1005010.3394988867,0.0,-3.07171361826994
2024-05-07 00:00:00+00:00,16,1005010.3394988867,0.0,-2.444440714985072
2024-05-08 00:00:00+00:00,16,1005010.3394988867,0.0,-2.031472869529124
2024-05-09 00:00:00+00:00,16,1005010.3394988867,0.0,-1.3561192777809774
2024-05-10 00:00:00+00:00,16,1005010.3394988867,0.0,-0.7604153521359676
2024-05-13 00:00:00+00:00,16,1005010.3394988867,0.0,0.04932657738367752
2024-05-14 00:00:00+00:00,16,1005010.3394988867,0.0,1.121787732608452
2024-05-15 00:00:00+00:00,16,1005010.3394988867,0.0,1.9134834909006644
2024-05-16 00:00:00+00:00,16,1005010.3394988867,0.0,2.592818998810477
2024-05-17 00:00:00+00:00,16,1005010.3394988867,0.0,2.4951595202377317
2024-05-20 00:00:00+00:00,16,1005010.3394988867,0.0,2.4333357433184455
2024-05-21 00:00:00+00:00,16,1005010.3394988867,0.0,2.194288155212177
2024-05-22 00:00:00+00:00,16,1005010.3394988867,0.0,1.817250205570554
2024-05-23 00:00:00+00:00,16,1005010.3394988867,0.0,1.5833835008607822
2024-05-24 00:00:00+00:00,16,1005010.3394988867,0.0,2.137038840845404
2024-05-28 00:00:00+00:00,16,1005010.3394988867,0.0,2.1779189973387303
2024-05-29 00:00:00+00:00,16,1005010.3394988867,0.0,2.1013390703882466
2024-05-30 00:00:00+00:00,16,1005010.3394988867,0.0,2.359936041179794
2024-05-31 00:00:00+00:00,16,1005010.3394988867,0.0,2.4123544723606596
2024-06-03 00:00:00+00:00,16,1005010.3394988867,0.0,2.3546272927705743
2024-06-04 00:00:00+00:00,16,1005010.3394988867,0.0,2.5374366435855933
2024-06-05 00:00:00+00:00,16,1005010.3394988867,0.0,2.813847923214383
2024-06-06 00:00:00+00:00,16,1005010.3394988867,0.0,2.948064963957856
2024-06-07 00:00:00+00:00,16,1005010.3394988867,0.0,2.997496919743385
2024-06-11 00:00:00+00:00,16,1005010.3394988867,0.0,3.595330471144127
2024-06-12 00:00:00+00:00,16,1005010.3394988867,0.0,4.93149462813217
2024-06-13 00:00:00+00:00,16,1005010.3394988867,0.0,4.99763133089127
2024-06-14 00:00:00+00:00,16,1005010.3394988867,0.0,5.016532580607399
2024-06-17 00:00:00+00:00,16,1005010.3394988867,0.0,5.016534268820729
2024-06-18 00:00:00+00:00,16,1005010.3394988867,0.0,4.985617057119987
2024-06-20 00:00:00+00:00,16,1005010.3394988867,0.0,5.023914855460145
2024-06-21 00:00:00+00:00,16,1005010.3394988867,0.0,5.024707034040338
2024-06-24 00:00:00+00:00,16,1005010.3394988867,0.0,5.019859578513504
2024-06-25 00:00:00+00:00,16,1005010.3394988867,0.0,5.015654583343326
2024-06-26 00:00:00+00:00,16,1005010.3394988867,0.0,4.988123053391455
2024-06-27 00:00:00+00:00,16,1005010.3394988867,0.0,5.002386352515362
2024-06-28 00:00:00+00:00,16,1005010.3394988867,0.0,5.009181520843752
2024-07-01 00:00:00+00:00,17,1000000.0,0.0,4.973166264854813
2024-07-02 00:00:00+00:00,17,1000000.0,0.0,5.0140440396542205
2024-07-03 00:00:00+00:00,17,1000000.0,0.0,5.0110295424990525
2024-07-05 00:00:00+00:00,17,1000000.0,0.0,5.063133357922247
2024-07-08 00:00:00+00:00,17,1000000.0,0.0,5.116885638432853
2024-07-09 00:00:00+00:00,17,1000000.0,0.0,5.113767867042606
2024-07-10 00:00:00+00:00,17,1000000.0,0.0,5.165139477018178
2024-07-11 00:00:00+00:00,17,1000000.0,0.0,5.159631481589148
2024-07-12 00:00:00+00:00,17,1000000.0,0.0,5.1769604263409965
2024-07-15 00:00:00+00:00,17,1000000.0,0.0,5.185510860866573
2024-07-16 00:00:00+00:00,17,1000000.0,0.0,5.174950153069424
2024-07-17 00:00:00+00:00,17,1000000.0,0.0,5.089844578818981
2024-07-18 00:00:00+00:00,17,1000000.0,0.0,5.061712781513184
2024-07-19 00:00:00+00:00,17,1000000.0,0.0,5.013551014209749
2024-07-22 00:00:00+00:00,17,1000000.0,0.0,5.002608077097583
2024-07-23 00:00:00+00:00,17,1000000.0,0.0,4.9773400486282835
2024-07-24 00:00:00+00:00,17,1000000.0,0.0,4.910364355913411
2024-07-25 00:00:00+00:00,17,1000000.0,0.0,1.4122892810023773
2024-07-26 00:00:00+00:00,17,1000000.0,0.0,0.7588047292119384
2024-07-29 00:00:00+00:00,17,1000000.0,0.0,0.36241883321979085
2024-07-30 00:00:00+00:00,17,1000000.0,0.0,0.08403683621281122
2024-07-31 00:00:00+00:00,17,1000000.0,0.0,0.10750389753214673
2024-08-01 00:00:00+00:00,17,1000000.0,0.0,-0.17366416696927534
2024-08-02 00:00:00+00:00,17,1000000.0,0.0,-1.2731914127947448
2024-08-05 00:00:00+00:00,17,999975.1272827757,-2.487271722429432e-05,-1.4255285639692312
2024-08-06 00:00:00+00:00,17,993263.5792609307,-0.006711714960433355,-1.131669233132241
2024-08-07 00:00:00+00:00,17,997436.4785775633,0.004201200369933661,-1.0678931911793885
2024-08-08 00:00:00+00:00,17,995613.8346573698,-0.0018273283154760908,-0.9080507302060878
2024-08-09 00:00:00+00:00,17,995035.4058615945,-0.0005809770572084733,-0.9226920093982782
2024-08-12 00:00:00+00:00,17,991914.2698324188,-0.003136708513877599,-0.9638967726897647
2024-08-13 00:00:00+00:00,17,991914.2698324188,0.0,-1.0648794472159677
2024-08-14 00:00:00+00:00,17,991914.2698324188,0.0,-1.1335689963383375
2024-08-15 00:00:00+00:00,17,991914.2698324188,0.0,-1.116442699682029
2024-08-16 00:00:00+00:00,17,991914.2698324188,0.0,-1.0784282201159154
2024-08-19 00:00:00+00:00,17,991914.2698324188,0.0,-0.8760383125761555
2024-08-20 00:00:00+00:00,17,991914.2698324188,0.0,-0.4967417364664177
2024-08-21 00:00:00+00:00,17,991914.2698324188,0.0,-0.3302169613879764
2024-08-22 00:00:00+00:00,17,991914.2698324188,0.0,-0.041300256710378846
2024-08-23 00:00:00+00:00,17,991914.2698324188,0.0,0.27263340783574996
2024-08-26 00:00:00+00:00,17,991914.2698324188,0.0,0.7266650715932412
2024-08-27 00:00:00+00:00,17,991914.2698324188,0.0,1.1564712628320288
2024-08-28 00:00:00+00:00,17,991914.2698324188,0.0,1.561943576983169
2024-08-29 00:00:00+00:00,17,991914.2698324188,0.0,1.6571947235165396
2024-08-30 00:00:00+00:00,17,991914.2698324188,0.0,1.7350491800566323
2024-09-03 00:00:00+00:00,17,991914.2698324188,0.0,1.7489113354364538
2024-09-04 00:00:00+00:00,17,991914.2698324188,0.0,1.8610813509229542
2024-09-05 00:00:00+00:00,17,991914.2698324188,0.0,1.9544972288049047
2024-09-06 00:00:00+00:00,17,991914.2698324188,0.0,1.9831832290447289
2024-09-09 00:00:00+00:00,17,991914.2698324188,0.0,2.0170861814815715
2024-09-10 00:00:00+00:00,17,991914.2698324188,0.0,2.066178830990436
2024-09-11 00:00:00+00:00,17,991914.2698324188,0.0,2.114272402027997
2024-09-12 00:00:00+00:00,17,991914.2698324188,0.0,2.0209092517585923
2024-09-13 00:00:00+00:00,17,991914.2698324188,0.0,1.9789541750941457
2024-09-16 00:00:00+00:00,17,991914.2698324188,0.0,2.0109812439790753
2024-09-17 00:00:00+00:00,17,991914.2698324188,0.0,2.048587166464019
2024-09-18 00:00:00+00:00,17,991914.2698324188,0.0,1.983456761687917
2024-09-19 00:00:00+00:00,17,991914.2698324188,0.0,2.1619376134987784
2024-09-20 00:00:00+00:00,17,991914.2698324188,0.0,2.288174920104687
2024-09-23 00:00:00+00:00,17,991914.2698324188,0.0,2.342889638094376
2024-09-24 00:00:00+00:00,17,991914.2698324188,0.0,2.467716701885899
2024-09-25 00:00:00+00:00,17,991914.2698324188,0.0,2.5324209742427537
2024-09-26 00:00:00+00:00,17,991914.2698324188,0.0,2.423447955933049
2024-09-27 00:00:00+00:00,17,991914.2698324188,0.0,2.286274057417049
2024-09-30 00:00:00+00:00,17,991914.2698324188,0.0,2.1511374118857964
2024-10-01 00:00:00+00:00,18,1000000.0,0.0,1.9811849976672589
2024-10-02 00:00:00+00:00,18,1000000.0,0.0,1.8700636662897554
2024-10-03 00:00:00+00:00,18,1000000.0,0.0,1.7620980515965514
2024-10-04 00:00:00+00:00,18,1000000.0,0.0,1.6242780857472066
2024-10-07 00:00:00+00:00,18,1000000.0,0.0,1.2725525278092444
2024-10-08 00:00:00+00:00,18,1000000.0,0.0,0.7633955002829875
2024-10-09 00:00:00+00:00,18,1000000.0,0.0,0.40429150230287103
2024-10-10 00:00:00+00:00,18,1000000.0,0.0,0.011683796047620376
2024-10-11 00:00:00+00:00,18,1000000.0,0.0,0.41182080524428244
2024-10-14 00:00:00+00:00,18,1000000.0,0.0,0.5637500857781852
2024-10-15 00:00:00+00:00,18,1000000.0,0.0,0.8798065176912626
2024-10-16 00:00:00+00:00,18,1000000.0,0.0,1.1384396001291996
2024-10-17 00:00:00+00:00,18,1000000.0,0.0,1.507153429532484
2024-10-18 00:00:00+00:00,18,1000000.0,0.0,1.96156827733224
2024-10-21 00:00:00+00:00,18,1000000.0,0.0,2.6166202047019764
2024-10-22 00:00:00+00:00,18,1000000.0,0.0,3.3176997423038195
2024-10-23 00:00:00+00:00,18,999992.0,-8e-06,3.996224516327602
2024-10-24 00:00:00+00:00,18,999913.8965684569,-7.810405637555349e-05,4.343032023874757
2024-10-25 00:00:00+00:00,18,999496.3814426515,-0.00041755107838608923,4.61870708618087
2024-10-28 00:00:00+00:00,18,997934.1577922312,-0.0015630108116704109,4.84188332632827
2024-10-29 00:00:00+00:00,18,1000263.6785687135,0.0023343431611119406,4.930592514123658
2024-10-30 00:00:00+00:00,18,1000942.9956749915,0.0006791380321337592,5.225206899418367
2024-10-31 00:00:00+00:00,18,1000544.5135267591,-0.00039810673530282857,5.686604513249183
2024-11-01 00:00:00+00:00,18,1002715.5397385566,0.0021698447020062836,5.8960967735779395
2024-11-04 00:00:00+00:00,18,1002060.5398599855,-0.0006532260173627284,6.348555410802245
2024-11-05 00:00:00+00:00,18,1002868.0668876828,0.0008058665076364902,6.816070706380641
2024-11-06 00:00:00+00:00,18,1003744.0215583262,0.0008734495588855332,7.201015548046799
2024-11-07 00:00:00+00:00,18,1003369.1617482075,-0.00037346156197942275,7.409490679380276
2024-11-08 00:00:00+00:00,18,1003361.0216395579,-8.112775397079286e-06,7.3064577931453645
2024-11-11 00:00:00+00:00,18,1003016.3688698767,-0.0003434982645807761,7.373223408539481
2024-11-12 00:00:00+00:00,18,1004974.4526379239,0.0019521952271361043,7.486052563843167
2024-11-13 00:00:00+00:00,18,1004974.4526379239,0.0,8.276446508344259
2024-11-14 00:00:00+00:00,18,1004974.4526379239,0.0,9.102931361639763
2024-11-15 00:00:00+00:00,18,1004974.4526379239,0.0,9.846082337204749
2024-11-18 00:00:00+00:00,18,1004974.4526379239,0.0,10.146997040506445
2024-11-19 00:00:00+00:00,18,1004974.4526379239,0.0,9.974002805969661
2024-11-20 00:00:00+00:00,18,1004974.4526379239,0.0,9.54790586387158
2024-11-21 00:00:00+00:00,18,1004974.4526379239,0.0,9.074594332886672
2024-11-22 00:00:00+00:00,18,1004974.4526379239,0.0,8.903066742587912
2024-11-25 00:00:00+00:00,18,1004974.4526379239,0.0,8.227318552377541
2024-11-26 00:00:00+00:00,18,1004974.4526379239,0.0,7.360518922819989
2024-11-27 00:00:00+00:00,18,1004974.4526379239,0.0,6.3319906778888555
2024-11-29 00:00:00+00:00,18,1004974.4526379239,0.0,5.195741638147718
2024-12-02 00:00:00+00:00,18,1004974.4526379239,0.0,4.5086029274680754
2024-12-03 00:00:00+00:00,18,1004974.4526379239,0.0,4.051806349549739
2024-12-04 00:00:00+00:00,18,1004974.4526379239,0.0,4.378139328664548
2024-12-05 00:00:00+00:00,18,1004974.4526379239,0.0,4.536203182692926
2024-12-06 00:00:00+00:00,18,1004974.4526379239,0.0,4.440696066081855
2024-12-09 00:00:00+00:00,18,1004974.4526379239,0.0,4.2303995084382695
2024-12-10 00:00:00+00:00,18,1004974.4526379239,0.0,3.7449999475455686
2024-12-11 00:00:00+00:00,18,1004974.4526379239,0.0,2.8372048786558333
2024-12-12 00:00:00+00:00,18,1004974.4526379239,0.0,2.6167580679470404
2024-12-13 00:00:00+00:00,18,1004974.4526379239,0.0,2.139785785378953
2024-12-16 00:00:00+00:00,18,1004974.4526379239,0.0,0.9564992076857339
2024-12-17 00:00:00+00:00,18,1004974.4526379239,0.0,0.522508957345158
2024-12-18 00:00:00+00:00,18,1004974.4526379239,0.0,-0.09910128244398031
2024-12-19 00:00:00+00:00,18,1004974.4526379239,0.0,-0.5392788943324618
2024-12-20 00:00:00+00:00,18,1004974.4526379239,0.0,-0.9500365050902557
2024-12-23 00:00:00+00:00,18,1004974.4526379239,0.0,-1.058166530738566
2024-12-24 00:00:00+00:00,18,1004974.4526379239,0.0,-0.880810209433645
2024-12-26 00:00:00+00:00,18,1004974.4526379239,0.0,-0.6462838985524462
2024-12-27 00:00:00+00:00,18,1004974.4526379239,0.0,-0.5928198856480975
2024-12-30 00:00:00+00:00,18,1004974.4526379239,0.0,-0.8068837852306263
2024-12-31 00:00:00+00:00,18,1004974.4526379239,0.0,-1.098841105194004
2025-01-02 00:00:00+00:00,19,1000000.0,0.0,-1.4394453996637298
2025-01-03 00:00:00+00:00,19,1000000.0,0.0,-1.3851107287809423
2025-01-06 00:00:00+00:00,19,1000000.0,0.0,-0.7143663650340191
2025-01-07 00:00:00+00:00,19,1000000.0,0.0,0.5974943937921307
2025-01-08 00:00:00+00:00,19,1000000.0,0.0,0.7639497563800877
2025-01-10 00:00:00+00:00,19,1000000.0,0.0,0.9563186635574543
2025-01-13 00:00:00+00:00,19,1000000.0,0.0,0.5263151987563628
2025-01-14 00:00:00+00:00,19,1000000.0,0.0,0.18353821974658757
2025-01-15 00:00:00+00:00,19,1000000.0,0.0,-0.3949059614478374
2025-01-16 00:00:00+00:00,19,1000000.0,0.0,-0.43065258321060274
2025-01-17 00:00:00+00:00,19,1000000.0,0.0,-0.4785729196778057
2025-01-21 00:00:00+00:00,19,1000000.0,0.0,-0.1470874536177682
2025-01-22 00:00:00+00:00,19,1000000.0,0.0,0.8721554362122363
2025-01-23 00:00:00+00:00,19,1000000.0,0.0,2.0474933134010462
2025-01-24 00:00:00+00:00,19,1000000.0,0.0,2.8520228652151878
2025-01-27 00:00:00+00:00,19,1000000.0,0.0,2.957030539826855
2025-01-28 00:00:00+00:00,19,1000000.0,0.0,2.6976059035032707
2025-01-29 00:00:00+00:00,19,1000000.0,0.0,2.5651021714305813
2025-01-30 00:00:00+00:00,19,1000000.0,0.0,2.7364609556326824
2025-01-31 00:00:00+00:00,19,1000000.0,0.0,2.783152756836545
2025-02-03 00:00:00+00:00,19,1000000.0,0.0,2.729476762649096
2025-02-04 00:00:00+00:00,19,1000000.0,0.0,2.6972795177328637
2025-02-05 00:00:00+00:00,19,1000000.0,0.0,2.4280254705869955
2025-02-06 00:00:00+00:00,19,1000000.0,0.0,2.2706176596782437
2025-02-07 00:00:00+00:00,19,1000000.0,0.0,2.12567292088837
2025-02-10 00:00:00+00:00,19,1000000.0,0.0,2.049912452779324
2025-02-11 00:00:00+00:00,19,1000000.0,0.0,2.114320641712586
2025-02-12 00:00:00+00:00,19,1000000.0,0.0,2.170761543381235
2025-02-13 00:00:00+00:00,19,1000000.0,0.0,2.1673346297502505
2025-02-14 00:00:00+00:00,19,1000000.0,0.0,2.2253912687844726
2025-02-18 00:00:00+00:00,19,1000000.0,0.0,2.332018494249455
2025-02-19 00:00:00+00:00,19,1000000.0,0.0,2.427744985004751
2025-02-20 00:00:00+00:00,19,1000000.0,0.0,2.5964982197843463
2025-02-21 00:00:00+00:00,19,1000000.0,0.0,2.9984437050910024
2025-02-24 00:00:00+00:00,19,1000000.0,0.0,3.239813472703482
2025-02-25 00:00:00+00:00,19,1000000.0,0.0,3.230860752444959
2025-02-26 00:00:00+00:00,19,1000000.0,0.0,3.1106103471801756
2025-02-27 00:00:00+00:00,19,1000000.0,0.0,3.0859011545947777
2025-02-28 00:00:00+00:00,19,1000000.0,0.0,2.7190273508852094
2025-03-03 00:00:00+00:00,19,1000000.0,0.0,2.5780222452713546
2025-03-04 00:00:00+00:00,19,1000000.0,0.0,2.2439300644958906
2025-03-05 00:00:00+00:00,19,1000000.0,0.0,2.193960327358445
2025-03-06 00:00:00+00:00,19,1000000.0,0.0,2.2049781680323752
2025-03-07 00:00:00+00:00,19,1000000.0,0.0,2.227115962070043
2025-03-10 00:00:00+00:00,19,1000000.0,0.0,2.291464888330552
2025-03-11 00:00:00+00:00,19,1000000.0,0.0,2.2784921160425293
2025-03-12 00:00:00+00:00,19,1000000.0,0.0,2.0577794124750555
2025-03-13 00:00:00+00:00,19,1000000.0,0.0,2.017303956101307
2025-03-14 00:00:00+00:00,19,1000000.0,0.0,1.8775222153179683
2025-03-17 00:00:00+00:00,19,1000000.0,0.0,1.881261702578096
2025-03-18 00:00:00+00:00,19,1000000.0,0.0,1.7952570979268305
2025-03-19 00:00:00+00:00,19,1000000.0,0.0,1.7247975041206174
2025-03-20 00:00:00+00:00,19,1000000.0,0.0,1.6971298257797107
2025-03-21 00:00:00+00:00,19,1000000.0,0.0,1.7582001880201839
2025-03-24 00:00:00+00:00,19,1000000.0,0.0,1.8842187293175012
2025-03-25 00:00:00+00:00,19,1000000.0,0.0,1.9316977739592702
2025-03-26 00:00:00+00:00,19,1000000.0,0.0,1.9691529827474938
2025-03-27 00:00:00+00:00,19,1000000.0,0.0,2.1567375281112176
2025-03-28 00:00:00+00:00,19,1000000.0,0.0,2.299549056750722
2025-03-31 00:00:00+00:00,19,1000000.0,0.0,2.3858691613494667
2025-04-01 00:00:00+00:00,20,1000000.0,0.0,2.485093610499523
2025-04-02 00:00:00+00:00,20,1000000.0,0.0,2.590115768521483
2025-04-03 00:00:00+00:00,20,1000000.0,0.0,2.641859711590704
2025-04-04 00:00:00+00:00,20,1000000.0,0.0,2.5505411088644014
2025-04-07 00:00:00+00:00,20,1000000.0,0.0,1.9599155277897462
2025-04-08 00:00:00+00:00,20,1000000.0,0.0,1.4200481763892538
2025-04-09 00:00:00+00:00,20,1000000.0,0.0,0.6402913579571301
2025-04-10 00:00:00+00:00,20,999975.0,-2.5e-05,0.25829089073078837
2025-04-11 00:00:00+00:00,20,1002516.8646207842,0.002541928168988406,-0.014100325902441035
2025-04-14 00:00:00+00:00,20,1003559.1733008047,0.001039691916220056,-0.39179243286897325
2025-04-15 00:00:00+00:00,20,1002070.0500770416,-0.0014838419730300537,-0.4616014125651988
2025-04-16 00:00:00+00:00,20,1003566.5297038178,0.0014933882383383595,-0.6213405399282204
2025-04-17 00:00:00+00:00,20,1005098.3468156138,0.0015263732562385132,-0.7433893542711676
2025-04-21 00:00:00+00:00,20,1007763.8792586885,0.0026520115683403233,-0.7624484180262279
2025-04-22 00:00:00+00:00,20,1005537.3769474406,-0.0022093491908896346,-0.750591556021158
2025-04-23 00:00:00+00:00,20,1007736.6471922616,0.0021871591203278034,-0.7990080725072097
2025-04-24 00:00:00+00:00,20,1008114.9000599212,0.0003753489254493577,-0.8040958192218275
2025-04-25 00:00:00+00:00,20,1006303.7803886321,-0.0017965409212595308,-0.9054863365726433
2025-04-28 00:00:00+00:00,20,1009445.6332391714,0.0031221713679003417,-0.9778697946782673
2025-04-29 00:00:00+00:00,20,1009448.5758003767,2.9150269300961117e-06,-1.308427906850362
2025-04-30 00:00:00+00:00,20,1008131.1376476631,-0.0013051067526337412,-1.477968434338477
2025-05-01 00:00:00+00:00,20,1005598.8840925142,-0.0025118295235455434,-1.4587633677687553
2025-05-02 00:00:00+00:00,20,1005598.8840925142,0.0,-1.4763340214826082
2025-05-05 00:00:00+00:00,20,1005598.8840925142,0.0,-1.376515592766279
2025-05-06 00:00:00+00:00,20,1005598.8840925142,0.0,-1.3812669461539535
2025-05-07 00:00:00+00:00,20,1005598.8840925142,0.0,-1.1632995714323195
2025-05-08 00:00:00+00:00,20,1005598.8840925142,0.0,-0.6428093436959399
2025-05-09 00:00:00+00:00,20,1005598.8840925142,0.0,-0.33877781109677585
2025-05-12 00:00:00+00:00,20,1005598.8840925142,0.0,-0.2057161857363683
2025-05-13 00:00:00+00:00,20,1005598.8840925142,0.0,-0.19517384267507953
2025-05-14 00:00:00+00:00,20,1005598.8840925142,0.0,-0.12623521714301233
2025-05-15 00:00:00+00:00,20,1005598.8840925142,0.0,-0.04947086768925768
2025-05-16 00:00:00+00:00,20,1005598.8840925142,0.0,-0.05614272621999117
2025-05-19 00:00:00+00:00,20,1005598.8840925142,0.0,-0.15185306296299217
2025-05-20 00:00:00+00:00,20,1005598.8840925142,0.0,-0.2594858498079393
2025-05-21 00:00:00+00:00,20,1005598.8840925142,0.0,-0.18288349473838128
2025-05-22 00:00:00+00:00,20,1005598.8840925142,0.0,0.03876390040635158
2025-05-23 00:00:00+00:00,20,1005598.8840925142,0.0,0.11229824371206742
2025-05-27 00:00:00+00:00,20,1005598.8840925142,0.0,0.22706187263893796
2025-05-28 00:00:00+00:00,20,1005598.8840925142,0.0,0.23504822713093887
2025-05-29 00:00:00+00:00,20,1005598.8840925142,0.0,0.3501981289151974
2025-05-30 00:00:00+00:00,20,1005598.8840925142,0.0,0.5002486331461808
2025-06-02 00:00:00+00:00,20,1005598.8840925142,0.0,0.6361500974334993
2025-06-03 00:00:00+00:00,20,1005598.8840925142,0.0,0.7177813157366497
2025-06-04 00:00:00+00:00,20,1005598.8840925142,0.0,0.8008452937664488
2025-06-05 00:00:00+00:00,20,1005598.8840925142,0.0,0.8660489521456944
2025-06-06 00:00:00+00:00,20,1005598.8840925142,0.0,0.9443075478874658
2025-06-09 00:00:00+00:00,20,1005598.8840925142,0.0,1.028174276405378
2025-06-10 00:00:00+00:00,20,1005598.8840925142,0.0,1.007613858787297
2025-06-11 00:00:00+00:00,20,1005598.8840925142,0.0,0.9146830188912416
2025-06-12 00:00:00+00:00,20,1005598.8840925142,0.0,0.8211804981142907
2025-06-13 00:00:00+00:00,20,1005598.8840925142,0.0,0.8514198700556563
2025-06-16 00:00:00+00:00,20,1005598.8840925142,0.0,1.0374404910847561
2025-06-17 00:00:00+00:00,20,1005598.8840925142,0.0,1.007773479623273
2025-06-18 00:00:00+00:00,20,1005598.8840925142,0.0,0.7857985023365588
2025-06-20 00:00:00+00:00,20,1005598.8840925142,0.0,0.656324290465804
2025-06-23 00:00:00+00:00,20,1005598.8840925142,0.0,0.6294124047029053
2025-06-24 00:00:00+00:00,20,1005598.8840925142,0.0,0.3280001778701038
2025-06-25 00:00:00+00:00,20,1005598.8840925142,0.0,-0.7821619502211101
2025-06-26 00:00:00+00:00,20,1005598.8840925142,0.0,-2.2212925512228123
2025-06-27 00:00:00+00:00,20,1005579.346804801,-1.9428509739025818e-05,-2.850759362118633
2025-06-30 00:00:00+00:00,20,1004178.348440612,-0.0013932250783000755,-2.9090007147213086
2025-07-01 00:00:00+00:00,21,1000000.0,0.0,-2.8697951705535756
2025-07-02 00:00:00+00:00,21,999975.0,-2.5e-05,-3.092208354296184
2025-07-03 00:00:00+00:00,21,997877.5696298976,-0.002097482807172583,-2.9695328622492596
2025-07-07 00:00:00+00:00,21,995823.6789321252,-0.0020582592096284403,-2.786834858873579
2025-07-08 00:00:00+00:00,21,997324.8686319318,0.0015074854430218289,-2.6924082153683973
2025-07-09 00:00:00+00:00,21,995020.9527074955,-0.0023100957339975536,-2.5266537436871426
2025-07-10 00:00:00+00:00,21,1000420.5459354306,0.005426612588652022,-2.215896976151625
2025-07-11 00:00:00+00:00,21,1000838.0836729702,0.0004173622175554249,-2.1695229824695543
2025-07-14 00:00:00+00:00,21,1001589.3549648199,0.0007506421908852456,-1.9813961430453633
2025-07-15 00:00:00+00:00,21,1004818.8426448519,0.0032243630226535982,-1.812293295386512
2025-07-16 00:00:00+00:00,21,1007768.1995572046,0.002935212584777495,-1.7155971606274116
2025-07-17 00:00:00+00:00,21,1007094.1419467363,-0.0006688617588494316,-1.7993931204326055
2025-07-18 00:00:00+00:00,21,1004555.6702796377,-0.002520590242131342,-1.7860746914760233
2025-07-21 00:00:00+00:00,21,1005806.0902935488,0.0012447493463085147,-1.689032771259611
2025-07-22 00:00:00+00:00,21,1006595.5511386093,0.000784903623749308,-1.5812362398085629
2025-07-23 00:00:00+00:00,21,1007987.358712027,0.001382687984109731,-1.4831176984734649
2025-07-24 00:00:00+00:00,21,1010486.4004431857,0.0024792391586655714,-1.5044372687776013
2025-07-25 00:00:00+00:00,21,1012708.6772578094,0.002199214965831381,-1.5726984507538395
2025-07-28 00:00:00+00:00,21,1016960.5302287757,0.004198495644847568,-1.645682015948676
2025-07-29 00:00:00+00:00,21,1016960.5302287757,0.0,-1.6269545596373103
2025-07-30 00:00:00+00:00,21,1016960.5302287757,0.0,-1.6817126749298508
2025-07-31 00:00:00+00:00,21,1016960.5302287757,0.0,-1.94812675096391
2025-08-01 00:00:00+00:00,21,1016960.5302287757,0.0,-2.1473362372511904
2025-08-04 00:00:00+00:00,21,1016960.5302287757,0.0,-2.2879319888800307
2025-08-05 00:00:00+00:00,21,1016960.5302287757,0.0,-2.700563653104382
2025-08-06 00:00:00+00:00,21,1016960.5302287757,0.0,-3.0226529664696935
2025-08-07 00:00:00+00:00,21,1016960.5302287757,0.0,-3.430675495874765
2025-08-08 00:00:00+00:00,21,1016960.5302287757,0.0,-3.699271445894249
2025-08-11 00:00:00+00:00,21,1016960.5302287757,0.0,-3.894091815075422
2025-08-12 00:00:00+00:00,21,1016960.5302287757,0.0,-3.985453515805694
2025-08-13 00:00:00+00:00,21,1016960.5302287757,0.0,-3.9866465435929817
2025-08-14 00:00:00+00:00,21,1016960.5302287757,0.0,-4.650471590013958
2025-08-15 00:00:00+00:00,21,1016960.5302287757,0.0,-4.9340713349579985
2025-08-18 00:00:00+00:00,21,1016960.5302287757,0.0,-5.061535402729456
2025-08-19 00:00:00+00:00,21,1016960.5302287757,0.0,-4.901082048374713
2025-08-20 00:00:00+00:00,21,1016960.5302287757,0.0,-4.784127687925142
2025-08-21 00:00:00+00:00,21,1016960.5302287757,0.0,-4.265608605854041
2025-08-22 00:00:00+00:00,21,1016960.5302287757,0.0,-4.073988816582661
2025-08-25 00:00:00+00:00,21,1016960.5302287757,0.0,-3.7866227187121133
2025-08-26 00:00:00+00:00,21,1016960.5302287757,0.0,-3.117864617572237
2025-08-27 00:00:00+00:00,21,1016960.5302287757,0.0,-2.3455250555826215
2025-08-28 00:00:00+00:00,21,1016960.5302287757,0.0,-2.3061170248244807
2025-08-29 00:00:00+00:00,21,1016960.5302287757,0.0,-2.0662449629353334
2025-09-02 00:00:00+00:00,21,1016960.5302287757,0.0,-1.7720041047720283
2025-09-03 00:00:00+00:00,21,1016960.5302287757,0.0,-1.2264726156886008
2025-09-04 00:00:00+00:00,21,1016960.5302287757,0.0,-0.8059348493155021
2025-09-05 00:00:00+00:00,21,1016960.5302287757,0.0,-0.7611961484640855
2025-09-08 00:00:00+00:00,21,1016960.5302287757,0.0,-1.579387710544716
2025-09-09 00:00:00+00:00,21,1016960.5302287757,0.0,-2.2206143011189576
2025-09-10 00:00:00+00:00,21,1016960.5302287757,0.0,-2.377918184534093
2025-09-11 00:00:00+00:00,21,1016960.5302287757,0.0,-2.4952598909599333
2025-09-12 00:00:00+00:00,21,1016960.5302287757,0.0,-2.0646580568062767
2025-09-15 00:00:00+00:00,21,1016960.5302287757,0.0,-2.024835842035685
2025-09-16 00:00:00+00:00,21,1016960.5302287757,0.0,-2.4247299572280427
2025-09-17 00:00:00+00:00,21,1016960.5302287757,0.0,-2.1958348424793632
2025-09-18 00:00:00+00:00,21,1016960.5302287757,0.0,-2.151157884840499
2025-09-19 00:00:00+00:00,21,1016960.5302287757,0.0,-2.3323992715246016
2025-09-22 00:00:00+00:00,21,1016960.5302287757,0.0,-2.3244902626750825
2025-09-23 00:00:00+00:00,21,1016960.5302287757,0.0,-1.5997086888496526
2025-09-24 00:00:00+00:00,21,1016960.5302287757,0.0,-1.4280702177213165
2025-09-25 00:00:00+00:00,21,1016960.5302287757,0.0,-1.2080818129064381
2025-09-26 00:00:00+00:00,21,1016935.10621552,-2.5000000000026266e-05,-0.38061549748131185
2025-09-29 00:00:00+00:00,21,1017716.5834016809,0.0007684631805752194,0.5223486767610082
2025-09-30 00:00:00+00:00,21,1021098.9979337836,0.003323532884565019,1.3077857807773206
2025-10-01 00:00:00+00:00,22,1000000.0,0.0,2.553383811601019
2025-10-02 00:00:00+00:00,22,999975.0,-2.5e-05,2.664810290578239
2025-10-03 00:00:00+00:00,22,1003403.6689154723,0.003428754634338201,2.257447264524117
2025-10-06 00:00:00+00:00,22,970724.2485306874,-0.032568567763068317,2.5528996564488113
2025-10-07 00:00:00+00:00,22,970724.2485306874,0.0,0.8877177308868838
2025-10-08 00:00:00+00:00,22,970724.2485306874,0.0,-0.49630362226182
2025-10-09 00:00:00+00:00,22,970724.2485306874,0.0,-3.471218999031393
2025-10-10 00:00:00+00:00,22,970724.2485306874,0.0,-5.524821737620209
2025-10-13 00:00:00+00:00,22,970724.2485306874,0.0,-6.210085832142475
2025-10-14 00:00:00+00:00,22,970724.2485306874,0.0,-6.971964604663327
2025-10-15 00:00:00+00:00,22,970724.2485306874,0.0,-7.713882342582408
2025-10-16 00:00:00+00:00,22,970724.2485306874,0.0,-8.466633430902057
2025-10-17 00:00:00+00:00,22,970724.2485306874,0.0,-9.01681207590423
2025-10-20 00:00:00+00:00,22,970724.2485306874,0.0,-10.488638680773976
2025-10-21 00:00:00+00:00,22,970724.2485306874,0.0,-11.738168590071943
2025-10-22 00:00:00+00:00,22,970724.2485306874,0.0,-11.515841459991456
2025-10-23 00:00:00+00:00,22,970724.2485306874,0.0,-10.546033121625086
2025-10-24 00:00:00+00:00,22,970724.2485306874,0.0,-10.118885383713831
2025-10-27 00:00:00+00:00,22,970724.2485306874,0.0,-10.791217862009841
2025-10-28 00:00:00+00:00,22,970724.2485306874,0.0,-11.896677871104309
2025-10-29 00:00:00+00:00,22,970724.2485306874,0.0,-9.958183911939155
2025-10-30 00:00:00+00:00,22,970724.2485306874,0.0,-8.604991841228523
2025-10-31 00:00:00+00:00,22,970724.2485306874,0.0,-7.6491745798720165
2025-11-03 00:00:00+00:00,22,970724.2485306874,0.0,-6.990222818077929
2025-11-04 00:00:00+00:00,22,970724.2485306874,0.0,-6.239418874930233
2025-11-05 00:00:00+00:00,22,970724.2485306874,0.0,-5.583820429857255
2025-11-06 00:00:00+00:00,22,970724.2485306874,0.0,-4.980371025781241
2025-11-07 00:00:00+00:00,22,970724.2485306874,0.0,-3.9703627457994166
2025-11-10 00:00:00+00:00,22,970724.2485306874,0.0,-2.727062515851128
2025-11-11 00:00:00+00:00,22,970724.2485306874,0.0,-1.5492643874429417
2025-11-12 00:00:00+00:00,22,970724.2485306874,0.0,-0.9333163419279096
2025-11-13 00:00:00+00:00,22,970724.2485306874,0.0,-0.49507145777383776
2025-11-14 00:00:00+00:00,22,970724.2485306874,0.0,-0.1843005818948793
2025-11-17 00:00:00+00:00,22,970724.2485306874,0.0,0.2597455227618388
2025-11-18 00:00:00+00:00,22,970724.2485306874,0.0,0.5727453067730952
2025-11-19 00:00:00+00:00,22,970724.2485306874,0.0,0.7695756234780964
2025-11-20 00:00:00+00:00,22,970724.2485306874,0.0,0.8937613366417576
2025-11-21 00:00:00+00:00,22,970724.2485306874,0.0,0.33593457884994926
2025-11-24 00:00:00+00:00,22,970724.2485306874,0.0,0.11644996721564116
2025-11-25 00:00:00+00:00,22,970724.2485306874,0.0,-0.14876591798870553
2025-11-26 00:00:00+00:00,22,970724.2485306874,0.0,-0.43253050393249914
2025-11-28 00:00:00+00:00,22,970724.2485306874,0.0,-0.7761268711492528
2025-12-01 00:00:00+00:00,22,970724.2485306874,0.0,-0.9207307322703011
2025-12-02 00:00:00+00:00,22,970724.2485306874,0.0,-1.0576372506159375
2025-12-03 00:00:00+00:00,22,970724.2485306874,0.0,-1.3068405635794909
2025-12-04 00:00:00+00:00,22,970724.2485306874,0.0,-1.6055718891824862
2025-12-05 00:00:00+00:00,22,970724.2485306874,0.0,-1.8438154111048028
2025-12-08 00:00:00+00:00,22,970724.2485306874,0.0,-2.105416960613681
2025-12-09 00:00:00+00:00,22,970724.2485306874,0.0,-2.1935933196323525
2025-12-10 00:00:00+00:00,22,970724.2485306874,0.0,-2.132703213096022
2025-12-11 00:00:00+00:00,22,970724.2485306874,0.0,-2.154076836974971
2025-12-12 00:00:00+00:00,22,970724.2485306874,0.0,-2.255046426950422
2025-12-15 00:00:00+00:00,22,970724.2485306874,0.0,-2.33991413358304
2025-12-16 00:00:00+00:00,22,970724.2485306874,0.0,-2.4798045974652254
2025-12-17 00:00:00+00:00,22,970724.2485306874,0.0,-3.038758756053154
2025-12-18 00:00:00+00:00,22,970724.2485306874,0.0,-3.3369071316686743
2025-12-19 00:00:00+00:00,22,970724.2485306874,0.0,-3.2727852606595116
2025-12-22 00:00:00+00:00,22,970724.2485306874,0.0,-3.224369406908954
2025-12-23 00:00:00+00:00,22,970724.2485306874,0.0,-3.24373264505751
2025-12-24 00:00:00+00:00,22,970724.2485306874,0.0,-3.4216716961022957
2025-12-26 00:00:00+00:00,22,970724.2485306874,0.0,-2.7360010781332766
2025-12-29 00:00:00+00:00,22,970724.2485306874,0.0,-1.152373009133557
2025-12-30 00:00:00+00:00,22,970724.2485306874,0.0,-0.37456826471612636
2025-12-31 00:00:00+00:00,22,970724.2485306874,0.0,0.6773334662410821
2026-01-02 00:00:00+00:00,23,1000000.0,0.0,1.2696808262845671
2026-01-05 00:00:00+00:00,23,1000000.0,0.0,1.0873530674814438
2026-01-06 00:00:00+00:00,23,1000000.0,0.0,1.3894559154818995
2026-01-07 00:00:00+00:00,23,1000000.0,0.0,1.6013958150446759
2026-01-08 00:00:00+00:00,23,1000000.0,0.0,2.0710590638852513
2026-01-09 00:00:00+00:00,23,1000000.0,0.0,2.2199887778900855
2026-01-12 00:00:00+00:00,23,1000000.0,0.0,2.5867427587137706
2026-01-13 00:00:00+00:00,23,1000000.0,0.0,2.695584016156942
2026-01-14 00:00:00+00:00,23,1000000.0,0.0,2.3008998249784556
2026-01-15 00:00:00+00:00,23,1000000.0,0.0,2.1713659822723193
2026-01-16 00:00:00+00:00,23,1000000.0,0.0,1.8278660532962272
2026-01-20 00:00:00+00:00,23,1000000.0,0.0,1.512291351493027
2026-01-21 00:00:00+00:00,23,1000000.0,0.0,2.2082199519377697
2026-01-22 00:00:00+00:00,23,1000000.0,0.0,2.174560457572597
2026-01-23 00:00:00+00:00,23,1000000.0,0.0,2.262697617005585
2026-01-26 00:00:00+00:00,23,1000000.0,0.0,1.5041936337858584
2026-01-27 00:00:00+00:00,23,1000000.0,0.0,1.039302567259079
2026-01-28 00:00:00+00:00,23,1000000.0,0.0,0.2550104872301837
2026-01-29 00:00:00+00:00,23,1000000.0,0.0,-0.6610805750756796
2026-01-30 00:00:00+00:00,23,1000000.0,0.0,-1.192960171227222
2026-02-02 00:00:00+00:00,23,1000000.0,0.0,-1.113176592126031
2026-02-03 00:00:00+00:00,23,1000000.0,0.0,-0.26727386611799986
2026-02-04 00:00:00+00:00,23,1000000.0,0.0,1.98908135301998
2026-02-05 00:00:00+00:00,23,1000000.0,0.0,0.6066140152064143
2026-02-06 00:00:00+00:00,23,1000000.0,0.0,-1.9774311470372234
2026-02-09 00:00:00+00:00,23,1000000.0,0.0,-2.338965417611691
2026-02-10 00:00:00+00:00,23,1000000.0,0.0,-2.0654420705105343
2026-02-11 00:00:00+00:00,23,1000000.0,0.0,-2.24397129619539
2026-02-12 00:00:00+00:00,23,1000000.0,0.0,-1.739666399675614
2026-02-13 00:00:00+00:00,23,1000000.0,0.0,-1.5059074651352242
2026-02-17 00:00:00+00:00,23,1000000.0,0.0,-1.9093515474402292
