quarter,train_end,eval_start,eval_end,hedge_ratio,half_life,z_entry,z_exit,hawkes_active,n_jumps_fdr,n_jumps_nominal,branching_ratio,lr_pvalue
1,2020-06-30,2020-07-01,2020-09-30,0.5942226985231605,11.667383298118462,2.5,0.25,True,2,6,0.05311240978418889,0.3586206896551724
2,2020-09-30,2020-10-01,2020-12-31,0.5866753829235147,11.315565541307947,2.0,0.25,True,2,6,0.06650224042414983,0.3448275862068966
3,2020-12-31,2021-01-04,2021-03-31,0.5802806759931194,11.890343782951925,2.0,0.25,True,2,7,0.03337839644760223,0.4093567251461988
4,2021-03-31,2021-04-01,2021-06-30,0.5804940113244594,12.082190150884747,2.0,0.5,True,2,7,0.04354238073738469,0.40350877192982454
5,2021-06-30,2021-07-01,2021-09-30,0.5798908909468922,11.95849648554628,2.0,0.25,True,2,7,0.05223794280431626,0.3684210526315789
6,2021-09-30,2021-10-01,2021-12-31,0.5812615527358108,12.009175919744424,2.0,0.5,True,2,7,0.059633411525902576,0.3567251461988304
7,2021-12-31,2022-01-03,2022-03-31,0.5827482364488833,14.748703205743388,2.0,0.5,True,2,7,0.06591493640502714,0.3508771929824561
8,2022-03-31,2022-04-01,2022-06-30,0.6189082200399573,38.541942802710544,1.5,0.5,True,2,8,0.0630037583391611,0.2722222222222222
9,2022-06-30,2022-07-01,2022-09-30,0.6745890924467177,44.814791621922495,2.0,0.25,True,3,8,2.7428602951100924e-06,0.8111111111111111
10,2022-09-30,2022-10-03,2022-12-30,0.6941036532587208,45.68903974567281,2.0,0.25,True,5,9,3.5843484082152006e-06,0.8128342245989305
11,2022-12-30,2023-01-03,2023-03-31,0.7200987045848772,49.519320613668214,1.5,0.25,True,5,8,2.000502638506951e-06,0.7055555555555556
12,2023-03-31,2023-04-03,2023-06-30,0.7214110685882109,47.52096924423048,1.5,0.75,True,5,8,2.0006552421666874e-06,0.6944444444444444
13,2023-06-30,2023-07-03,2023-09-29,0.714785568178214,47.22457717819098,1.5,0.25,True,5,8,2.0005466406557834e-06,0.7111111111111111
14,2023-09-29,2023-10-02,2023-12-29,0.7103302771457027,46.63904393850459,1.5,0.25,True,5,8,2.0000033374630764e-06,0.7333333333333333
15,2023-12-29,2024-01-02,2024-03-28,0.7018374318059628,46.72933423201173,1.5,0.25,True,6,13,0.9999999999985791,0.43434343434343436
16,2024-03-28,2024-04-01,2024-06-28,0.6950362279679614,47.681875481278716,1.5,0.25,True,6,13,0.9998389182869424,0.30303030303030304
17,2024-06-28,2024-07-01,2024-09-30,0.6846929818320934,47.832230637448866,1.5,0.25,True,5,14,0.1183842656388847,0.4696969696969697
18,2024-09-30,2024-10-01,2024-12-31,0.6671957457096599,55.01089215402963,2.5,0.25,True,6,17,0.07771933727254793,0.16
19,2024-12-31,2025-01-02,2025-03-31,0.6550645618258915,53.558794522794926,1.5,0.25,True,7,20,0.09433028626836264,0.1
20,2025-03-31,2025-04-01,2025-06-30,0.6530257350016595,51.29137568547794,1.5,0.25,True,7,20,0.09655361526552378,0.09
21,2025-06-30,2025-07-01,2025-09-30,0.6440315170538391,53.987782489763696,1.5,0.5,True,7,20,0.09869812349712448,0.09
22,2025-09-30,2025-10-01,2025-12-31,0.641416891838266,51.95818421801761,1.5,0.25,True,7,21,0.09000088831522443,0.11
23,2025-12-31,2026-01-02,2026-02-12,0.6342988772732565,53.855543538688245,1.5,0.25,True,8,22,0.08212686798407143,0.135
