mode,pair,scenario,arm,window,total_trades,annualized_return_pct,annualized_volatility_pct,sharpe_ratio,sharpe_se_hac,max_drawdown_pct,nw_mean_excess_annualized_pct,nw_tstat,nw_pvalue,quarters_evaluated,quarters_entries_allowed,quarters_failed,configurations_tried,deflated_sharpe_probability
robustness,CVX_XOM,baseline,hawkes,oos,13,1.8478558210075269,1.1663780729297866,-0.13790346698761718,0.4110186313908229,-3.094288298822577,-0.16084758007535335,-0.3355226702088444,0.7372807607330406,23,7,0,63,0.0035836888699938797
robustness,CVX_XOM,baseline,control,oos,12,1.8970634611343407,0.899571437631198,-0.12812583130728375,0.4030720255560602,-1.7996338600936537,-0.1152583382667856,-0.31787846790726165,0.7506241962242153,23,7,0,63,0.0038398507716425577
robustness,CVX_XOM,half_cost,hawkes,oos,13,1.8739684011947366,1.1665958690691693,-0.11588373857545695,0.41096748591079435,-3.0565543336424112,-0.1351894907144196,-0.281981632111246,0.7779989756697648,23,7,0,63,0.004183660311478157
robustness,CVX_XOM,half_cost,control,oos,12,1.9166748684501744,0.9003718588239409,-0.10661331917866357,0.40266388136893994,-1.7826410161174815,-0.09599163236428342,-0.26477299379696834,0.7912230412123027,23,7,0,63,0.004462075362778598
robustness,CVX_XOM,double_cost,hawkes,oos,13,1.7956419642374488,1.1663496330470446,-0.1819073416072797,0.41115054380472443,-3.1697245630471076,-0.21216756113221405,-0.44244940409944955,0.6582318955193339,23,7,0,63,0.002610684542613798
robustness,CVX_XOM,double_cost,control,oos,12,1.8578465841103453,0.8982915109955756,-0.17120733660419488,0.40393443828426134,-1.833614809622318,-0.15379409709171032,-0.4238616441112488,0.6717313706202851,23,7,0,63,0.002822308384552177
robustness,CVX_XOM,fixed_entry_1_5,hawkes,oos,15,1.7037779527973473,1.1295105370320182,-0.26820927631689556,0.3957432298872804,-3.127031000923804,-0.30294520372966566,-0.6777839675086457,0.4980198795327049,23,7,0,0,
robustness,CVX_XOM,fixed_entry_1_5,control,oos,18,1.900760772685417,0.8742250215153193,-0.1279438296242164,0.3902440932448825,-1.8159299640029891,-0.11185169720598293,-0.3278612273503952,0.743065266091065,23,7,0,0,
robustness,CVX_XOM,fixed_entry_2_5,hawkes,oos,10,1.5731359539263634,0.9156056102277457,-0.47374266525852726,0.482971591164445,-2.8105304120174623,-0.4337614421149525,-0.9811097410711673,0.3267069366422253,23,7,0,0,
robustness,CVX_XOM,fixed_entry_2_5,control,oos,4,2.2470799304153077,0.9944699322513486,0.23008739561380517,0.5733510260676616,-2.5655457391111245,0.22881499672795005,0.4013239168262693,0.6882424696774679,23,7,0,0,
robustness,CVX_XOM,bipower_detector,hawkes,oos,15,1.9336564951137447,1.1800086430204735,-0.06475688981743201,0.41976811588088053,-2.808047921195971,-0.07641368967969424,-0.15426888505066452,0.8774198070769019,23,7,0,63,0.005936074997127285
robustness,CVX_XOM,bipower_detector,control,oos,12,1.8970634611343407,0.899571437631198,-0.12812583130728375,0.4030720255560602,-1.7996338600936537,-0.1152583382667856,-0.31787846790726165,0.7506241962242153,23,7,0,63,0.0038398507716425577
robustness,CVX_XOM,static_ols_hedge,hawkes,oos,13,2.0155540737022637,1.0164103081854001,0.002131699326830957,0.4245311932540072,-2.6827333502102215,0.002166681169742863,0.005021302015763482,0.9959943077863525,23,7,0,63,0.009195357102986383
robustness,CVX_XOM,static_ols_hedge,control,oos,12,1.9068913779348495,0.8251372345040373,-0.1287637384569371,0.4119833690502889,-1.834142794350376,-0.10624775505475821,-0.31255110299301747,0.754667949713833,23,7,0,63,0.0038226507671920333
