pair,mode,arm,window,total_trades,annualized_return_pct,annualized_volatility_pct,sharpe_ratio,sharpe_se_hac,max_drawdown_pct,nw_mean_excess_annualized_pct,nw_tstat,nw_pvalue,quarters_evaluated,quarters_entries_allowed,quarters_failed,configurations_tried,deflated_sharpe_probability
AMD_NVDA,walk_forward_ungated,hawkes,oos,14,1.1047749829141251,5.780608260416853,-0.12687527221977865,0.4112487010361602,-14.560918696274477,-0.7334162466362892,-0.30851720146104533,0.7577343227269552,23,23,0,207,0.0010484542009866575
AMD_NVDA,walk_forward_ungated,control,oos,11,1.8386297525222917,5.000601381434709,-0.01032562343275195,0.4003800022212259,-10.509259504346753,-0.05163432680199399,-0.025789561086049764,0.9794288322685851,23,23,0,207,0.0025534029875486676
CVX_XOM,walk_forward_ungated,hawkes,oos,28,1.8747457837896775,1.8933714521280658,-0.06512762640707079,0.4158208647153475,-3.094288298822577,-0.12331078858400976,-0.15662489784992767,0.8755629014111052,23,23,0,207,0.0016955542387264123
CVX_XOM,walk_forward_ungated,control,oos,27,2.0766067186407167,1.380584590790991,0.04809780638654785,0.4151196927089509,-1.7996338600936537,0.06640309034811648,0.11586517724291442,0.9077758930676072,23,23,0,207,0.0038844881424956556
GLD_GDX,walk_forward_ungated,hawkes,oos,22,1.6894260507037906,2.611544639752483,-0.11080418176416297,0.37843400158052104,-6.505519836557841,-0.2893700669483596,-0.2928001471908656,0.7697178760175868,23,23,0,207,0.0011896012402048946
GLD_GDX,walk_forward_ungated,control,oos,25,1.888349490070662,1.8356595822321908,-0.06048456033650987,0.37862443199776763,-3.2289098445509583,-0.11102906275881542,-0.15974875032877311,0.8731018123640482,23,23,0,207,0.001755307544077446
GS_MS,walk_forward_ungated,hawkes,oos,17,1.4606820500262296,1.952635751466568,-0.2712979581062337,0.47773538265132043,-6.829077423266537,-0.5297460922981111,-0.5679247905598018,0.5701763310805267,23,23,0,207,0.00031548968786769744
GS_MS,walk_forward_ungated,control,oos,17,1.6694168604570514,1.7494110031061754,-0.18739746992945625,0.5372473093669902,-6.649170943335422,-0.3278351958488494,-0.348822591211368,0.7272745081215632,23,23,0,207,0.0006422911943095848
SPY_IVV,walk_forward_ungated,hawkes,oos,46,1.7945826478382942,0.10713992941704344,-2.0529310332077073,0.3890479288952219,-0.07775454540666059,-0.21995088599593182,-5.2988243191315805,1.3506968101758926e-07,23,23,0,207,1.42171361823765e-14
SPY_IVV,walk_forward_ungated,control,oos,36,1.8246901802503324,0.11059959532448216,-1.721088645744639,0.391606049824729,-0.07140125236471298,-0.1903517077369181,-4.407845312390115,1.1230365098637142e-05,23,23,0,207,4.211566125274116e-12
